--
-- Copyright 2015-2016 USEF Foundation
--
-- Licensed under the Apache License, Version 2.0 (the "License");
-- you may not use this file except in compliance with the License.
-- You may obtain a copy of the License at
--
-- http://www.apache.org/licenses/LICENSE-2.0
--
-- Unless required by applicable law or agreed to in writing, software
-- distributed under the License is distributed on an "AS IS" BASIS,
-- WITHOUT WARRANTIES OR CONDITIONS OF ANY KIND, either express or implied.
-- See the License for the specific language governing permissions and
-- limitations under the License.
--
INSERT INTO MESSAGE (ID,CONTENT_HASH,CONVERSATION_ID,CREATION_TIME,DIRECTION,MESSAGE_ID,MESSAGE_TYPE,RECEIVER,SENDER,XML) VALUES (1, '3979338f0693dc019f39f5b081ba12fd7fc0f125f2bf39430912d7e444f6f123', '0678bc1b-2cac-4305-aae3-02f9ad1f3452', '2014-11-20', 'INBOUND', '9594c3f7-fb9a-4425-a514-d32ff902a218', 'ROUTINE', 'usef-example.com', 'usef-example.com', '<xml></xml>');

INSERT INTO CONNECTION (ENTITY_ADDRESS) VALUES ('connection.test.com');

INSERT INTO CONNECTION_GROUP (CONNECTION_GROUP_TYPE, USEF_IDENTIFIER, DSO_DOMAIN) VALUES ('CONGESTION_POINT', 'ea1.1992-01.com.example:gridpoint.4f76ff19-a53b-49f5-84e6', NULL);
INSERT INTO CONNECTION_GROUP (CONNECTION_GROUP_TYPE, USEF_IDENTIFIER, DSO_DOMAIN) VALUES ('CONGESTION_POINT', 'ea1.1992-02.com.otherexample:gridpoint.4f76ff19-a53b-49f5-99e9', NULL);
INSERT INTO CONNECTION_GROUP (CONNECTION_GROUP_TYPE, USEF_IDENTIFIER, BRP_DOMAIN) VALUES ('BRP', 'brp.test.com', 'brp.test.com');
INSERT INTO CONNECTION_GROUP (CONNECTION_GROUP_TYPE, USEF_IDENTIFIER, AGR_DOMAIN) VALUES ('AGR', 'agr.usef-example.com', 'agr.usef-example.com');

INSERT INTO CONNECTION_GROUP_STATE (ID, CONNECTION_GROUP_ID, CONNECTION_ID, VALID_FROM, VALID_UNTIL) VALUES (-1, 'brp.test.com','connection.test.com', '1970-01-01','2050-01-01');
INSERT INTO CONNECTION_GROUP_STATE (ID, CONNECTION_GROUP_ID, CONNECTION_ID, VALID_FROM, VALID_UNTIL) VALUES (-2, 'ea1.1992-02.com.otherexample:gridpoint.4f76ff19-a53b-49f5-99e9', 'connection.test.com', '1970-01-01','2050-01-01');

INSERT INTO PTU_CONTAINER (ID, PHASE, PTU_DATE, PTU_INDEX) VALUES (1, 'Plan', '2014-11-20', 1);
INSERT INTO PTU_CONTAINER (ID, PHASE, PTU_DATE, PTU_INDEX) VALUES (2, 'Plan', '2014-11-20', 2);
INSERT INTO PTU_CONTAINER (ID, PHASE, PTU_DATE, PTU_INDEX) VALUES (3, 'Plan', '2014-11-20', 3);
INSERT INTO PTU_CONTAINER (ID, PHASE, PTU_DATE, PTU_INDEX) VALUES (4, 'Plan', '2014-02-22', 4);

INSERT INTO DOCUMENT (ID, SEQUENCE_NUMBER, PTU_CONTAINER_ID, CONNECTION_GROUP_ID) VALUES (1, 2014112611, 1, 'ea1.1992-01.com.example:gridpoint.4f76ff19-a53b-49f5-84e6');
INSERT INTO DOCUMENT (ID, SEQUENCE_NUMBER, PTU_CONTAINER_ID, CONNECTION_GROUP_ID) VALUES (2, 20141126110000458, 2, 'ea1.1992-01.com.example:gridpoint.4f76ff19-a53b-49f5-84e6');
INSERT INTO DOCUMENT (ID, SEQUENCE_NUMBER, PTU_CONTAINER_ID, CONNECTION_GROUP_ID) VALUES (3, 20141126110000457, 2, 'ea1.1992-01.com.example:gridpoint.4f76ff19-a53b-49f5-84e6');
INSERT INTO DOCUMENT (ID, SEQUENCE_NUMBER, PTU_CONTAINER_ID, CONNECTION_GROUP_ID) VALUES (4, 20141126110000459, 3, 'ea1.1992-01.com.example:gridpoint.4f76ff19-a53b-49f5-84e6');
INSERT INTO DOCUMENT (ID, SEQUENCE_NUMBER, PTU_CONTAINER_ID, CONNECTION_GROUP_ID) VALUES (5, 20141126110000460, 3, 'ea1.1992-01.com.example:gridpoint.4f76ff19-a53b-49f5-84e6');
INSERT INTO DOCUMENT (ID, SEQUENCE_NUMBER, PTU_CONTAINER_ID, CONNECTION_GROUP_ID) VALUES (6, 10002, 1, 'ea1.1992-01.com.example:gridpoint.4f76ff19-a53b-49f5-84e6');
INSERT INTO DOCUMENT (ID, SEQUENCE_NUMBER, PTU_CONTAINER_ID, CONNECTION_GROUP_ID) VALUES (7, 10002, 2, 'ea1.1992-01.com.example:gridpoint.4f76ff19-a53b-49f5-84e6');
INSERT INTO DOCUMENT (ID, SEQUENCE_NUMBER, PTU_CONTAINER_ID, CONNECTION_GROUP_ID) VALUES (8, 10003, 2, 'ea1.1992-01.com.example:gridpoint.4f76ff19-a53b-49f5-84e6');
INSERT INTO DOCUMENT (ID, SEQUENCE_NUMBER, PTU_CONTAINER_ID, CONNECTION_GROUP_ID) VALUES (9, 10004, 2, 'ea1.1992-01.com.example:gridpoint.4f76ff19-a53b-49f5-84e6');
INSERT INTO DOCUMENT (ID, SEQUENCE_NUMBER, PTU_CONTAINER_ID, CONNECTION_GROUP_ID) VALUES (10, 10002, 2, 'ea1.1992-01.com.example:gridpoint.4f76ff19-a53b-49f5-84e6');
INSERT INTO DOCUMENT (ID, SEQUENCE_NUMBER, PTU_CONTAINER_ID, CONNECTION_GROUP_ID) VALUES (12, 2345790112, 2, 'ea1.1992-01.com.example:gridpoint.4f76ff19-a53b-49f5-84e6');
INSERT INTO DOCUMENT (ID, SEQUENCE_NUMBER, PTU_CONTAINER_ID, CONNECTION_GROUP_ID) VALUES (13, 20141215113500000, 2, 'ea1.1992-01.com.example:gridpoint.4f76ff19-a53b-49f5-84e6');
INSERT INTO DOCUMENT (ID, SEQUENCE_NUMBER, PTU_CONTAINER_ID, CONNECTION_GROUP_ID) VALUES (14, 20141215113500001, 3, 'ea1.1992-01.com.example:gridpoint.4f76ff19-a53b-49f5-84e6');
INSERT INTO DOCUMENT (ID, SEQUENCE_NUMBER, PTU_CONTAINER_ID, CONNECTION_GROUP_ID) VALUES (15, 201412221525, 1, 'ea1.1992-01.com.example:gridpoint.4f76ff19-a53b-49f5-84e6');
INSERT INTO DOCUMENT (ID, SEQUENCE_NUMBER, PTU_CONTAINER_ID, CONNECTION_GROUP_ID) VALUES (16, 234579012, 2, 'ea1.1992-01.com.example:gridpoint.4f76ff19-a53b-49f5-84e6');
INSERT INTO DOCUMENT (ID, SEQUENCE_NUMBER, PTU_CONTAINER_ID, CONNECTION_GROUP_ID) VALUES (17, 201412221525, 3, 'ea1.1992-01.com.example:gridpoint.4f76ff19-a53b-49f5-84e6');
INSERT INTO DOCUMENT (ID, SEQUENCE_NUMBER, PTU_CONTAINER_ID, CONNECTION_GROUP_ID) VALUES (18, 201412221327, 3, 'ea1.1992-01.com.example:gridpoint.4f76ff19-a53b-49f5-84e6');
INSERT INTO DOCUMENT (ID, SEQUENCE_NUMBER, PTU_CONTAINER_ID, CONNECTION_GROUP_ID) VALUES (19, 20140222110000000, 4, 'agr.usef-example.com');
INSERT INTO DOCUMENT (ID, SEQUENCE_NUMBER, PTU_CONTAINER_ID, CONNECTION_GROUP_ID) VALUES (20, 20140222111000000, 4, 'agr.usef-example.com');
INSERT INTO DOCUMENT (ID, SEQUENCE_NUMBER, PTU_CONTAINER_ID, CONNECTION_GROUP_ID) VALUES (21, 20140222112000000, 4, 'agr.usef-example.com');
INSERT INTO DOCUMENT (ID, SEQUENCE_NUMBER, PTU_CONTAINER_ID, CONNECTION_GROUP_ID) VALUES (22, 20140222112000001, 1, 'agr.usef-example.com');
INSERT INTO DOCUMENT (ID, SEQUENCE_NUMBER, PTU_CONTAINER_ID, CONNECTION_GROUP_ID) VALUES (23, 20140222112000001, 2, 'agr.usef-example.com');
INSERT INTO DOCUMENT (ID, SEQUENCE_NUMBER, PTU_CONTAINER_ID, CONNECTION_GROUP_ID) VALUES (24, 20140222112000001, 3, 'agr.usef-example.com');
INSERT INTO DOCUMENT (ID, SEQUENCE_NUMBER, PTU_CONTAINER_ID, CONNECTION_GROUP_ID) VALUES (25, 20140222112000001, 4, 'agr.usef-example.com');

INSERT INTO DOCUMENT (ID, SEQUENCE_NUMBER, PTU_CONTAINER_ID, CONNECTION_GROUP_ID) VALUES (26, 20140222110000009, 4, 'agr.usef-example.com');
INSERT INTO DOCUMENT (ID, SEQUENCE_NUMBER, PTU_CONTAINER_ID, CONNECTION_GROUP_ID) VALUES (27, 20140222111000009, 4, 'agr.usef-example.com');
INSERT INTO DOCUMENT (ID, SEQUENCE_NUMBER, PTU_CONTAINER_ID, CONNECTION_GROUP_ID) VALUES (28, 20140222112000009, 4, 'agr.usef-example.com');

INSERT INTO DOCUMENT (ID, SEQUENCE_NUMBER, PTU_CONTAINER_ID, CONNECTION_GROUP_ID) VALUES (29, 20140222112000010, 4, 'agr.usef-example.com');
INSERT INTO DOCUMENT (ID, SEQUENCE_NUMBER, PTU_CONTAINER_ID, CONNECTION_GROUP_ID) VALUES (30, 20140222112000011, 4, 'agr.usef-example.com');
INSERT INTO DOCUMENT (ID, SEQUENCE_NUMBER, PTU_CONTAINER_ID, CONNECTION_GROUP_ID) VALUES (31, 20140222112000012, 4, 'agr.usef-example.com');
INSERT INTO DOCUMENT (ID, SEQUENCE_NUMBER, PTU_CONTAINER_ID, CONNECTION_GROUP_ID) VALUES (32, 20140222112000013, 4, 'agr.usef-example.com');
INSERT INTO DOCUMENT (ID, SEQUENCE_NUMBER, PTU_CONTAINER_ID, CONNECTION_GROUP_ID) VALUES (33, 20140222112000014, 4, 'agr.usef-example.com');
INSERT INTO DOCUMENT (ID, SEQUENCE_NUMBER, PTU_CONTAINER_ID, CONNECTION_GROUP_ID) VALUES (34, 20140222112000015, 4, 'agr.usef-example.com');
INSERT INTO DOCUMENT (ID, SEQUENCE_NUMBER, PTU_CONTAINER_ID, CONNECTION_GROUP_ID) VALUES (35, 20140222112000016, 4, 'agr.usef-example.com');
INSERT INTO DOCUMENT (ID, SEQUENCE_NUMBER, PTU_CONTAINER_ID, CONNECTION_GROUP_ID) VALUES (36, 20140222112000017, 4, 'agr.usef-example.com');


INSERT INTO PTU_STATE(ID, REGIME, STATE) VALUES (18, 'GREEN', 'PlanValidate');

INSERT INTO PTU_STATE (ID, REGIME, STATE) VALUES (22, 'GREEN', 'PlanValidate');
INSERT INTO PTU_STATE (ID, REGIME, STATE) VALUES (23, 'GREEN', 'PlanValidate');
INSERT INTO PTU_STATE (ID, REGIME, STATE) VALUES (24, 'GREEN', 'PlanValidate');
INSERT INTO PTU_STATE (ID, REGIME, STATE) VALUES (25, 'GREEN', 'PlanValidate');

INSERT INTO EXCHANGE (PARTICIPANT_DOMAIN, ID) VALUES ('abc2.com', 1);
INSERT INTO EXCHANGE (PARTICIPANT_DOMAIN, ID) VALUES ('abc2.com', 2);
INSERT INTO EXCHANGE (PARTICIPANT_DOMAIN, ID) VALUES ('abc3.com', 3);
INSERT INTO EXCHANGE (PARTICIPANT_DOMAIN, ID) VALUES ('abc4.com', 4);
INSERT INTO EXCHANGE (PARTICIPANT_DOMAIN, ID) VALUES ('abc4.com', 5);
INSERT INTO EXCHANGE (PARTICIPANT_DOMAIN, ID) VALUES ('abc4.com', 6);
INSERT INTO EXCHANGE (PARTICIPANT_DOMAIN, ID) VALUES ('abc4.com', 7);
INSERT INTO EXCHANGE (PARTICIPANT_DOMAIN, ID) VALUES ('abc4.com', 8);
INSERT INTO EXCHANGE (PARTICIPANT_DOMAIN, ID) VALUES ('abc4.com', 9);
INSERT INTO EXCHANGE (PARTICIPANT_DOMAIN, ID) VALUES ('abc4.com', 10);
INSERT INTO EXCHANGE (PARTICIPANT_DOMAIN, ID) VALUES ('agr1.usef-example.com', 12);
INSERT INTO EXCHANGE (PARTICIPANT_DOMAIN, ID) VALUES ('agr1.usef-example.com', 13);
INSERT INTO EXCHANGE (PARTICIPANT_DOMAIN, ID) VALUES ('agr1.usef-example.com', 14);
INSERT INTO EXCHANGE (PARTICIPANT_DOMAIN, ID) VALUES ('agr1.usef-example.com', 15);
INSERT INTO EXCHANGE (PARTICIPANT_DOMAIN, ID) VALUES ('agr1.usef-example.com', 16);
INSERT INTO EXCHANGE (PARTICIPANT_DOMAIN, ID) VALUES ('agr1.usef-example.com', 17);
INSERT INTO EXCHANGE (PARTICIPANT_DOMAIN, ID) VALUES ('agr1.usef-example.com', 19);
INSERT INTO EXCHANGE (PARTICIPANT_DOMAIN, ID) VALUES ('agr1.usef-example.com', 20);
INSERT INTO EXCHANGE (PARTICIPANT_DOMAIN, ID) VALUES ('agr2.usef-example.com', 21);

INSERT INTO EXCHANGE (PARTICIPANT_DOMAIN, ID) VALUES ('agr1.usef-example.com', 26);
INSERT INTO EXCHANGE (PARTICIPANT_DOMAIN, ID) VALUES ('agr1.usef-example.com', 27);
INSERT INTO EXCHANGE (PARTICIPANT_DOMAIN, ID) VALUES ('agr2.usef-example.com', 28);

INSERT INTO EXCHANGE (PARTICIPANT_DOMAIN, ID) VALUES ('agr.usef-example.com', 29);
INSERT INTO EXCHANGE (PARTICIPANT_DOMAIN, ID) VALUES ('agr.usef-example.com', 30);
INSERT INTO EXCHANGE (PARTICIPANT_DOMAIN, ID) VALUES ('agr.usef-example.com', 31);
INSERT INTO EXCHANGE (PARTICIPANT_DOMAIN, ID) VALUES ('agr.usef-example.com', 32);
INSERT INTO EXCHANGE (PARTICIPANT_DOMAIN, ID) VALUES ('agr.usef-example.com', 33);
INSERT INTO EXCHANGE (PARTICIPANT_DOMAIN, ID) VALUES ('agr.usef-example.com', 34);
INSERT INTO EXCHANGE (PARTICIPANT_DOMAIN, ID) VALUES ('agr.usef-example.com', 35);
INSERT INTO EXCHANGE (PARTICIPANT_DOMAIN, ID) VALUES ('agr.usef-example.com', 36);

INSERT INTO PTU_PROGNOSIS (TYPE, POWER, ID) VALUES ('D_PROGNOSIS', 111, 1);
INSERT INTO PTU_PROGNOSIS (TYPE, POWER, ID) VALUES ('D_PROGNOSIS', 222, 2);
INSERT INTO PTU_PROGNOSIS (TYPE, POWER, ID) VALUES ('D_PROGNOSIS', 333, 3);
INSERT INTO PTU_PROGNOSIS (TYPE, POWER, ID) VALUES ('D_PROGNOSIS', 444, 4);
INSERT INTO PTU_PROGNOSIS (TYPE, POWER, ID) VALUES ('D_PROGNOSIS', 555, 5);
INSERT INTO PTU_PROGNOSIS (TYPE, POWER, ID) VALUES ('A_PLAN', 100, 19);
INSERT INTO PTU_PROGNOSIS (TYPE, POWER, ID) VALUES ('A_PLAN', 200, 20);
INSERT INTO PTU_PROGNOSIS (TYPE, POWER, ID) VALUES ('A_PLAN', 300, 21);

INSERT INTO PTU_PROGNOSIS (TYPE, POWER, ID) VALUES ('A_PLAN', 100, 26);
INSERT INTO PTU_PROGNOSIS (TYPE, POWER, ID) VALUES ('A_PLAN', 200, 27);
INSERT INTO PTU_PROGNOSIS (TYPE, POWER, ID) VALUES ('A_PLAN', 300, 28);

INSERT INTO PTU_PROGNOSIS (TYPE, POWER, ID) VALUES ('A_PLAN', 400, 29);
INSERT INTO PTU_PROGNOSIS (TYPE, POWER, ID) VALUES ('A_PLAN', 400, 30);

INSERT INTO PTU_FLEXREQUEST (ID, POWER, DISPOSITION, PROGNOSIS_SEQUENCE) VALUES (5,10,'REQUESTED', 2014112611);
INSERT INTO PTU_FLEXREQUEST (ID, POWER, DISPOSITION, PROGNOSIS_SEQUENCE) VALUES (6,10,'REQUESTED', 2014112611);
INSERT INTO PTU_FLEXREQUEST (ID, POWER, DISPOSITION, PROGNOSIS_SEQUENCE) VALUES (7,10,'REQUESTED', 2014112611);
INSERT INTO PTU_FLEXREQUEST (ID, POWER, DISPOSITION, PROGNOSIS_SEQUENCE) VALUES (8,10,'REQUESTED', 2014112611);
INSERT INTO PTU_FLEXREQUEST (ID, POWER, DISPOSITION, PROGNOSIS_SEQUENCE) VALUES (9,10,'AVAILABLE', 2014112611);
INSERT INTO PTU_FLEXREQUEST (ID, POWER, DISPOSITION, PROGNOSIS_SEQUENCE) VALUES (10,10,'AVAILABLE', 2014112611);

INSERT INTO PTU_FLEXREQUEST (ID, POWER, DISPOSITION, PROGNOSIS_SEQUENCE) VALUES (31,380,'AVAILABLE', 20140222112000010);
INSERT INTO PTU_FLEXREQUEST (ID, POWER, DISPOSITION, PROGNOSIS_SEQUENCE) VALUES (32,380,'AVAILABLE', 20140222112000011);

INSERT INTO PTU_FLEXOFFER(ID, POWER, PRICE, FLEXREQUEST_SEQUENCE) VALUES (13, 1000, 100, 2014112611);
INSERT INTO PTU_FLEXOFFER(ID, POWER, PRICE, FLEXREQUEST_SEQUENCE) VALUES (14, 1000, 100, 2014112611);
INSERT INTO PTU_FLEXOFFER(ID, POWER, PRICE, FLEXREQUEST_SEQUENCE) VALUES (15, 1000, 100, 2014112611);

INSERT INTO PTU_FLEXOFFER(ID, POWER, PRICE, FLEXREQUEST_SEQUENCE) VALUES (33, 420, 100, 20140222112000012);
INSERT INTO PTU_FLEXOFFER(ID, POWER, PRICE, FLEXREQUEST_SEQUENCE) VALUES (34, 420, 100, 20140222112000013);

INSERT INTO PTU_FLEXORDER(ID, ACKNOWLEDGEMENT_STATUS, FLEXOFFER_SEQUENCE) VALUES (12, 'ACCEPTED',20141215113500000);
INSERT INTO PTU_FLEXORDER(ID) VALUES (16);
INSERT INTO PTU_FLEXORDER(ID, ACKNOWLEDGEMENT_STATUS, FLEXOFFER_SEQUENCE) VALUES (17, 'ACCEPTED',20141215113500001);

INSERT INTO PTU_FLEXORDER (ID, ACKNOWLEDGEMENT_STATUS, FLEXOFFER_SEQUENCE) VALUES (35, 'ACCEPTED', 20140222112000014);
INSERT INTO PTU_FLEXORDER (ID, ACKNOWLEDGEMENT_STATUS, FLEXOFFER_SEQUENCE) VALUES (36, 'ACCEPTED', 20140222112000015);


INSERT INTO PLAN_BOARD_MESSAGE(ID, SEQUENCE_NUMBER, ORIGIN_SEQUENCE_NUMBER, PARTICIPANT_DOMAIN, DOCUMENT_STATUS, CONNECTION_GROUP_ID, DOCUMENT_TYPE) VALUES (1, 1111111, null, 'usef-example.com', 'SENT', 'ea1.1992-01.com.example:gridpoint.4f76ff19-a53b-49f5-84e6', 'D_PROGNOSIS');
INSERT INTO PLAN_BOARD_MESSAGE(ID, SEQUENCE_NUMBER, ORIGIN_SEQUENCE_NUMBER, PARTICIPANT_DOMAIN, DOCUMENT_STATUS, CONNECTION_GROUP_ID, DOCUMENT_TYPE) VALUES (2, 2222221, 1111111, 'usef-example.com', 'SENT','ea1.1992-01.com.example:gridpoint.4f76ff19-a53b-49f5-84e6', 'FLEX_REQUEST');
INSERT INTO PLAN_BOARD_MESSAGE(ID, SEQUENCE_NUMBER, ORIGIN_SEQUENCE_NUMBER, PARTICIPANT_DOMAIN, DOCUMENT_STATUS, CONNECTION_GROUP_ID, DOCUMENT_TYPE) VALUES (3, 3333331, 2222221, 'usef-example.com', 'SENT', 'ea1.1992-01.com.example:gridpoint.4f76ff19-a53b-49f5-84e6', 'FLEX_OFFER');
INSERT INTO PLAN_BOARD_MESSAGE(ID, SEQUENCE_NUMBER, ORIGIN_SEQUENCE_NUMBER, PARTICIPANT_DOMAIN, DOCUMENT_STATUS, CONNECTION_GROUP_ID, DOCUMENT_TYPE) VALUES (4, 3333332, 2222221, 'usef-example.com', 'SENT', 'ea1.1992-01.com.example:gridpoint.4f76ff19-a53b-49f5-84e6', 'FLEX_OFFER');
INSERT INTO PLAN_BOARD_MESSAGE(ID, SEQUENCE_NUMBER, ORIGIN_SEQUENCE_NUMBER, PARTICIPANT_DOMAIN, DOCUMENT_STATUS, CONNECTION_GROUP_ID, DOCUMENT_TYPE, PTU_DATE) VALUES (5, 4444441, 3333331, 'usef-example.com', 'SENT', 'ea1.1992-01.com.example:gridpoint.4f76ff19-a53b-49f5-84e6', 'FLEX_ORDER', '2015-01-15' );
INSERT INTO PLAN_BOARD_MESSAGE(ID, SEQUENCE_NUMBER, ORIGIN_SEQUENCE_NUMBER, PARTICIPANT_DOMAIN, DOCUMENT_STATUS, CONNECTION_GROUP_ID, DOCUMENT_TYPE, PTU_DATE) VALUES (6, 4444442, 3333332, 'usef-example.com', 'SENT', 'ea1.1992-01.com.example:gridpoint.4f76ff19-a53b-49f5-84e6', 'FLEX_ORDER', '2015-01-20' );
INSERT INTO PLAN_BOARD_MESSAGE(ID, SEQUENCE_NUMBER, ORIGIN_SEQUENCE_NUMBER, PARTICIPANT_DOMAIN, DOCUMENT_STATUS, CONNECTION_GROUP_ID, DOCUMENT_TYPE, EXPIRATION_DATE) VALUES (7, 5555555, 4444442, 'usef-example.com', 'SENT', 'ea1.1992-01.com.example:gridpoint.4f76ff19-a53b-49f5-84e6', 'FLEX_ORDER_SETTLEMENT', '1970-01-01');
INSERT INTO PLAN_BOARD_MESSAGE(ID, SEQUENCE_NUMBER, ORIGIN_SEQUENCE_NUMBER, PARTICIPANT_DOMAIN, DOCUMENT_STATUS, CONNECTION_GROUP_ID, DOCUMENT_TYPE, PTU_DATE) VALUES (8, 1111111, null, 'dso.usef-example.com', 'ACCEPTED', 'ea1.1992-01.com.example:gridpoint.4f76ff19-a53b-49f5-84e6', 'D_PROGNOSIS', '2015-03-31');
INSERT INTO PLAN_BOARD_MESSAGE(ID, SEQUENCE_NUMBER, ORIGIN_SEQUENCE_NUMBER, PARTICIPANT_DOMAIN, DOCUMENT_STATUS, CONNECTION_GROUP_ID, DOCUMENT_TYPE, PTU_DATE) VALUES (9, 2222221, null, 'dso.usef-example.com', 'ACCEPTED', 'ea1.1992-02.com.otherexample:gridpoint.4f76ff19-a53b-49f5-99e9', 'D_PROGNOSIS', '2015-03-31');
INSERT INTO PLAN_BOARD_MESSAGE(ID, SEQUENCE_NUMBER, ORIGIN_SEQUENCE_NUMBER, PARTICIPANT_DOMAIN, DOCUMENT_STATUS, CONNECTION_GROUP_ID, DOCUMENT_TYPE, PTU_DATE) VALUES (10, 3333331, null, 'dso.usef-example.com', 'ACCEPTED', 'ea1.1992-01.com.example:gridpoint.4f76ff19-a53b-49f5-84e6', 'D_PROGNOSIS', '2015-03-31');
INSERT INTO PLAN_BOARD_MESSAGE(ID, SEQUENCE_NUMBER, ORIGIN_SEQUENCE_NUMBER, PARTICIPANT_DOMAIN, DOCUMENT_STATUS, CONNECTION_GROUP_ID, DOCUMENT_TYPE, PTU_DATE) VALUES (11, 3334441, null, 'brp.usef-example.com', 'ACCEPTED', 'brp.test.com', 'A_PLAN', '2015-03-31');
INSERT INTO PLAN_BOARD_MESSAGE(ID, SEQUENCE_NUMBER, ORIGIN_SEQUENCE_NUMBER, PARTICIPANT_DOMAIN, DOCUMENT_STATUS, CONNECTION_GROUP_ID, DOCUMENT_TYPE, PTU_DATE) VALUES (12, 3333441, null, 'agr.usef-example.com', 'ACCEPTED', 'ea1.1992-01.com.example:gridpoint.4f76ff19-a53b-49f5-84e6', 'D_PROGNOSIS', '2015-03-31');
INSERT INTO PLAN_BOARD_MESSAGE(ID, SEQUENCE_NUMBER, ORIGIN_SEQUENCE_NUMBER, PARTICIPANT_DOMAIN, DOCUMENT_STATUS, CONNECTION_GROUP_ID, DOCUMENT_TYPE, PTU_DATE) VALUES (13, 3333351, null, 'agr.usef-example.com', 'ACCEPTED', 'brp.test.com', 'A_PLAN', '2015-03-31');
INSERT INTO PLAN_BOARD_MESSAGE(ID, SEQUENCE_NUMBER, ORIGIN_SEQUENCE_NUMBER, PARTICIPANT_DOMAIN, DOCUMENT_STATUS, CONNECTION_GROUP_ID, DOCUMENT_TYPE, PTU_DATE) VALUES (14, 3333351, null, 'agr.usef-example.com', 'ACCEPTED', 'brp.test.com', 'A_PLAN', '2015-03-30');
INSERT INTO PLAN_BOARD_MESSAGE(ID, SEQUENCE_NUMBER, ORIGIN_SEQUENCE_NUMBER, PARTICIPANT_DOMAIN, DOCUMENT_STATUS, CONNECTION_GROUP_ID, DOCUMENT_TYPE, PTU_DATE) VALUES (15, 3333351, null, 'agr.usef-example.com', 'ACCEPTED', 'brp.test.com', 'A_PLAN', '2015-01-20');
INSERT INTO PLAN_BOARD_MESSAGE(ID, SEQUENCE_NUMBER, ORIGIN_SEQUENCE_NUMBER, PARTICIPANT_DOMAIN, DOCUMENT_STATUS, CONNECTION_GROUP_ID, DOCUMENT_TYPE, PTU_DATE, CREATION_DATETIME) VALUES (16, 9999999, null, 'mdc.usef-example.com', 'SENT', null, 'METER_DATA_QUERY_USAGE', '2015-01-20' , '2014-11-20');

INSERT INTO PLAN_BOARD_MESSAGE(ID, SEQUENCE_NUMBER, ORIGIN_SEQUENCE_NUMBER, PARTICIPANT_DOMAIN, DOCUMENT_STATUS, CONNECTION_GROUP_ID, DOCUMENT_TYPE, PTU_DATE) VALUES (17, 20140222110000009, null, 'agr1.usef-example.com', 'RECEIVED', 'brp.test.com', 'A_PLAN', '2015-01-20');
INSERT INTO PLAN_BOARD_MESSAGE(ID, SEQUENCE_NUMBER, ORIGIN_SEQUENCE_NUMBER, PARTICIPANT_DOMAIN, DOCUMENT_STATUS, CONNECTION_GROUP_ID, DOCUMENT_TYPE, PTU_DATE) VALUES (18, 20140222111000009, null, 'agr2.usef-example.com', 'RECEIVED', 'brp.test.com', 'A_PLAN', '2015-01-20');
INSERT INTO PLAN_BOARD_MESSAGE(ID, SEQUENCE_NUMBER, ORIGIN_SEQUENCE_NUMBER, PARTICIPANT_DOMAIN, DOCUMENT_STATUS, CONNECTION_GROUP_ID, DOCUMENT_TYPE, PTU_DATE) VALUES (19, 20140222112000009, null, 'agr3.usef-example.com', 'RECEIVED', 'brp.test.com', 'A_PLAN', '2015-01-20');

INSERT INTO PLAN_BOARD_MESSAGE(ID, SEQUENCE_NUMBER, ORIGIN_SEQUENCE_NUMBER, PARTICIPANT_DOMAIN, DOCUMENT_STATUS, CONNECTION_GROUP_ID, DOCUMENT_TYPE, PTU_DATE) VALUES (20, 201412221525, 9922221, 'agr1.usef-example.com', 'ACCEPTED', 'ea1.1992-01.com.example:gridpoint.4f76ff19-a53b-49f5-84e6', 'FLEX_OFFER', '2014-11-20');
INSERT INTO PLAN_BOARD_MESSAGE(ID, SEQUENCE_NUMBER, ORIGIN_SEQUENCE_NUMBER, PARTICIPANT_DOMAIN, DOCUMENT_STATUS, CONNECTION_GROUP_ID, DOCUMENT_TYPE, PTU_DATE) VALUES (21, 9933332, 9922221, 'usef-example2.com', 'ACCEPTED', 'ea1.1992-01.com.example:gridpoint.4f76ff19-a53b-49f5-84e6', 'FLEX_OFFER', '2014-11-20');

INSERT INTO PLAN_BOARD_MESSAGE(ID, SEQUENCE_NUMBER, ORIGIN_SEQUENCE_NUMBER, PARTICIPANT_DOMAIN, DOCUMENT_STATUS, CONNECTION_GROUP_ID, DOCUMENT_TYPE, PTU_DATE) VALUES (22, 77777120, null, 'agr3.usef-example.com', 'ACCEPTED', 'brp.test.com', 'A_PLAN', '2015-03-31');
INSERT INTO PLAN_BOARD_MESSAGE(ID, SEQUENCE_NUMBER, ORIGIN_SEQUENCE_NUMBER, PARTICIPANT_DOMAIN, DOCUMENT_STATUS, CONNECTION_GROUP_ID, DOCUMENT_TYPE) VALUES (23, 77777121, 77777120, 'agr3.usef-example.com', 'SENT','ea1.1992-01.com.example:gridpoint.4f76ff19-a53b-49f5-84e6', 'FLEX_REQUEST');
INSERT INTO PLAN_BOARD_MESSAGE(ID, SEQUENCE_NUMBER, ORIGIN_SEQUENCE_NUMBER, PARTICIPANT_DOMAIN, DOCUMENT_STATUS, CONNECTION_GROUP_ID, DOCUMENT_TYPE) VALUES (24, 77777122, 77777121, 'agr3.usef-example.com', 'SENT', 'ea1.1992-01.com.example:gridpoint.4f76ff19-a53b-49f5-84e6', 'FLEX_OFFER');

INSERT INTO PLAN_BOARD_MESSAGE(ID, SEQUENCE_NUMBER, ORIGIN_SEQUENCE_NUMBER, PARTICIPANT_DOMAIN, DOCUMENT_STATUS, CONNECTION_GROUP_ID, DOCUMENT_TYPE, PTU_DATE) VALUES (25, 12314124 , 9933332, 'usef-example2.com', 'PROCESSED', 'ea1.1992-01.com.example:gridpoint.4f76ff19-a53b-49f5-84e6', 'FLEX_ORDER', '2014-11-20');

INSERT INTO PLAN_BOARD_MESSAGE(ID, SEQUENCE_NUMBER, ORIGIN_SEQUENCE_NUMBER, PARTICIPANT_DOMAIN, DOCUMENT_STATUS, CONNECTION_GROUP_ID, DOCUMENT_TYPE, PTU_DATE) VALUES (26, 2014112611 , 9933332, 'abc2.com', 'FINAL', 'ea1.1992-01.com.example:gridpoint.4f76ff19-a53b-49f5-84e6', 'D_PROGNOSIS', '2014-11-20');
INSERT INTO PLAN_BOARD_MESSAGE(ID, SEQUENCE_NUMBER, ORIGIN_SEQUENCE_NUMBER, PARTICIPANT_DOMAIN, DOCUMENT_STATUS, CONNECTION_GROUP_ID, DOCUMENT_TYPE, PTU_DATE) VALUES (27, 20141126110000458 , 9933332, 'abc2.com', 'FINAL', 'ea1.1992-01.com.example:gridpoint.4f76ff19-a53b-49f5-84e6', 'D_PROGNOSIS', '2014-11-20');
INSERT INTO PLAN_BOARD_MESSAGE(ID, SEQUENCE_NUMBER, ORIGIN_SEQUENCE_NUMBER, PARTICIPANT_DOMAIN, DOCUMENT_STATUS, CONNECTION_GROUP_ID, DOCUMENT_TYPE, PTU_DATE) VALUES (28, 20141126110000457 , 9933332, 'abc3.com', 'RECEIVED', 'ea1.1992-01.com.example:gridpoint.4f76ff19-a53b-49f5-84e6', 'D_PROGNOSIS', '2014-11-20');
INSERT INTO PLAN_BOARD_MESSAGE(ID, SEQUENCE_NUMBER, ORIGIN_SEQUENCE_NUMBER, PARTICIPANT_DOMAIN, DOCUMENT_STATUS, CONNECTION_GROUP_ID, DOCUMENT_TYPE, PTU_DATE) VALUES (29, 20141126110000460 , 9933332, 'abc4.com', 'RECEIVED', 'ea1.1992-01.com.example:gridpoint.4f76ff19-a53b-49f5-84e6', 'D_PROGNOSIS', '2014-11-20');

INSERT INTO FLEX_ORDER_SETTLEMENT(ID, PERIOD, SEQUENCE_NUMBER, CONNECTION_GROUP_ID, FLEX_ORDER_MESSAGE_ID) VALUES(-1, '2015-02-05', 1, 'ea1.1992-01.com.example:gridpoint.4f76ff19-a53b-49f5-84e6',25);
INSERT INTO DOCUMENT(ID, SEQUENCE_NUMBER, PTU_CONTAINER_ID, CONNECTION_GROUP_ID) VALUES (37, 1, 1,'ea1.1992-01.com.example:gridpoint.4f76ff19-a53b-49f5-84e6');
INSERT INTO PTU_SETTLEMENT(ID, FLEX_ORDER_SETTLEMENT_ID, PROGNOSIS_POWER, ACTUAL_POWER, ORDERED_FLEX_POWER, DELIVERED_FLEX_POWER, POWER_DEFICIENCY, PRICE, PENALTY) VALUES(37,-1, 1000, 1500, -1000, -500, 500, 10.99, 10);


------------------------------------------------------------------------------------------------------------------------------------
-- Data used to test planboard cleanup
------------------------------------------------------------------------------------------------------------------------------------

-- PTU Containers ready for deletion
INSERT INTO PTU_CONTAINER (ID, PHASE, PTU_DATE, PTU_INDEX) VALUES (50, 'Plan', '1999-12-31', 1);
INSERT INTO PTU_CONTAINER (ID, PHASE, PTU_DATE, PTU_INDEX) VALUES (51, 'Plan', '1999-12-31', 2);
INSERT INTO PTU_CONTAINER (ID, PHASE, PTU_DATE, PTU_INDEX) VALUES (52, 'Plan', '1999-12-31', 3);
INSERT INTO PTU_CONTAINER (ID, PHASE, PTU_DATE, PTU_INDEX) VALUES (53, 'Plan', '1999-12-31', 4);
INSERT INTO PTU_CONTAINER (ID, PHASE, PTU_DATE, PTU_INDEX) VALUES (54, 'Plan', '1999-12-31', 5);
INSERT INTO PTU_CONTAINER (ID, PHASE, PTU_DATE, PTU_INDEX) VALUES (55, 'Plan', '1999-12-31', 6);
INSERT INTO PTU_CONTAINER (ID, PHASE, PTU_DATE, PTU_INDEX) VALUES (56, 'Plan', '1999-12-31', 7);
INSERT INTO PTU_CONTAINER (ID, PHASE, PTU_DATE, PTU_INDEX) VALUES (57, 'Plan', '1999-12-31', 8);

-- Flex Order Settlement ready for deletion
INSERT INTO FLEX_ORDER_SETTLEMENT(ID, PERIOD, SEQUENCE_NUMBER, CONNECTION_GROUP_ID, FLEX_ORDER_MESSAGE_ID) VALUES(78, '1999-12-31', 1, 'ea1.1992-01.com.example:gridpoint.4f76ff19-a53b-49f5-84e6', 25);

-- PTU Container not ready for deletion
INSERT INTO PTU_CONTAINER (ID, PHASE, PTU_DATE, PTU_INDEX) VALUES (60, 'Plan', '1999-12-30', 1);

-- PTU State ready for deletion
INSERT INTO DOCUMENT (ID, SEQUENCE_NUMBER, PTU_CONTAINER_ID, CONNECTION_GROUP_ID) VALUES (61, 1999123101, 60, 'agr.usef-example.com');
INSERT INTO PTU_STATE (ID, REGIME, STATE) VALUES (61, 'GREEN', 'PlanValidate');

-- PTU Prognosis ready for deletion
INSERT INTO DOCUMENT (ID, SEQUENCE_NUMBER, PTU_CONTAINER_ID, CONNECTION_GROUP_ID) VALUES (62, 1999123102, 60, 'agr.usef-example.com');
INSERT INTO EXCHANGE (PARTICIPANT_DOMAIN, ID) VALUES ('abc2.com', 62);
INSERT INTO PTU_PROGNOSIS (TYPE, POWER, ID) VALUES ('D_PROGNOSIS', 111, 62);

-- PTU Flex Request ready for deletion
INSERT INTO DOCUMENT (ID, SEQUENCE_NUMBER, PTU_CONTAINER_ID, CONNECTION_GROUP_ID) VALUES (63, 1999123103, 60, 'agr.usef-example.com');
INSERT INTO EXCHANGE (PARTICIPANT_DOMAIN, ID) VALUES ('abc2.com', 63);
INSERT INTO PTU_FLEXREQUEST (ID, POWER, DISPOSITION, PROGNOSIS_SEQUENCE) VALUES (63, 10, 'REQUESTED', 1999123102);

-- PTU Flex Offer ready for deletion
INSERT INTO DOCUMENT (ID, SEQUENCE_NUMBER, PTU_CONTAINER_ID, CONNECTION_GROUP_ID) VALUES (64, 1999123104, 60, 'agr.usef-example.com');
INSERT INTO EXCHANGE (PARTICIPANT_DOMAIN, ID) VALUES ('abc2.com', 64);
INSERT INTO PTU_FLEXOFFER(ID, POWER, PRICE, FLEXREQUEST_SEQUENCE) VALUES (64, 1000, 100, 1999123103);

-- PTU Flex Order ready for deletion
INSERT INTO DOCUMENT (ID, SEQUENCE_NUMBER, PTU_CONTAINER_ID, CONNECTION_GROUP_ID) VALUES (65, 1999123104, 60, 'agr.usef-example.com');
INSERT INTO EXCHANGE (PARTICIPANT_DOMAIN, ID) VALUES ('abc2.com', 65);
INSERT INTO PTU_FLEXORDER (ID, ACKNOWLEDGEMENT_STATUS, FLEXOFFER_SEQUENCE) VALUES (65, 'ACCEPTED', 20140222112000014);

-- PTU Settlement ready for deletion
INSERT INTO FLEX_ORDER_SETTLEMENT(ID, PERIOD, SEQUENCE_NUMBER, CONNECTION_GROUP_ID, FLEX_ORDER_MESSAGE_ID) VALUES(67, '1999-12-30', 1, 'ea1.1992-01.com.example:gridpoint.4f76ff19-a53b-49f5-84e6', 25);
INSERT INTO DOCUMENT (ID, SEQUENCE_NUMBER, PTU_CONTAINER_ID, CONNECTION_GROUP_ID) VALUES (68, 1999123104, 60, 'ea1.1992-01.com.example:gridpoint.4f76ff19-a53b-49f5-84e6');
INSERT INTO PTU_SETTLEMENT(ID, FLEX_ORDER_SETTLEMENT_ID, PROGNOSIS_POWER, ACTUAL_POWER, ORDERED_FLEX_POWER, DELIVERED_FLEX_POWER, POWER_DEFICIENCY, PRICE, PENALTY) VALUES(68, 67, 1000, 1500, -1000, -500, 500, 10.99, 10);

-- Planboard Message ready for deletion
INSERT INTO MESSAGE (ID,CONTENT_HASH,CONVERSATION_ID,CREATION_TIME,DIRECTION,MESSAGE_ID,MESSAGE_TYPE,RECEIVER,SENDER,XML) VALUES (72, '4979338f0693dc019f39f5b081ba12fd7fc0f125f2bf39430912d7e444f6f123', '0678bc1b-2cac-4305-aae3-02f9ad1f3451', '2014-11-20T12:00:00.0', 'OUTBOUND', '9594c3f7-fb9a-4425-a514-d32ff902a238', 'TRANSACTIONAL', 'usef-example.com', 'usef-example.com', '<CommonReferenceQuery ></CommonReferenceQuery>');
INSERT INTO PLAN_BOARD_MESSAGE(ID, PTU_DATE, SEQUENCE_NUMBER, ORIGIN_SEQUENCE_NUMBER, PARTICIPANT_DOMAIN, DOCUMENT_STATUS, CONNECTION_GROUP_ID, DOCUMENT_TYPE, EXPIRATION_DATE, MESSAGE_ID) VALUES (69, '1999-12-31', 5555555, 4444442, 'usef-example.com', 'SENT', 'ea1.1992-01.com.example:gridpoint.4f76ff19-a53b-49f5-84e6', 'FLEX_ORDER_SETTLEMENT', '2020-01-01', 72);

-- Planboard Message not ready for deletion
INSERT INTO PLAN_BOARD_MESSAGE(ID, PTU_DATE, SEQUENCE_NUMBER, ORIGIN_SEQUENCE_NUMBER, PARTICIPANT_DOMAIN, DOCUMENT_STATUS, CONNECTION_GROUP_ID, DOCUMENT_TYPE, EXPIRATION_DATE) VALUES (70, '1999-12-29', 5555555, 4444442, 'usef-example.com', 'SENT', 'ea1.1992-01.com.example:gridpoint.4f76ff19-a53b-49f5-84e6', 'FLEX_ORDER_SETTLEMENT', '2020-01-01');

INSERT INTO FLEX_ORDER_SETTLEMENT(ID, PERIOD, SEQUENCE_NUMBER, CONNECTION_GROUP_ID, FLEX_ORDER_MESSAGE_ID) VALUES(71, '1999-12-30', 1, 'ea1.1992-01.com.example:gridpoint.4f76ff19-a53b-49f5-84e6', 70);
