--
-- Copyright 2015-2016 USEF Foundation
--
-- Licensed under the Apache License, Version 2.0 (the "License");
-- you may not use this file except in compliance with the License.
-- You may obtain a copy of the License at
--
-- http://www.apache.org/licenses/LICENSE-2.0
--
-- Unless required by applicable law or agreed to in writing, software
-- distributed under the License is distributed on an "AS IS" BASIS,
-- WITHOUT WARRANTIES OR CONDITIONS OF ANY KIND, either express or implied.
-- See the License for the specific language governing permissions and
-- limitations under the License.
--
INSERT INTO DSO1_USEF_EXAMPLE_COM_DSO.COMMON_REFERENCE_OPERATOR(ID, DOMAIN) VALUES 
(-1, 'cro1.usef-example.com');
INSERT INTO DSO1_USEF_EXAMPLE_COM_DSO.METER_DATA_COMPANY(DOMAIN) VALUES 
('mdc1.usef-example.com');
INSERT INTO DSO1_USEF_EXAMPLE_COM_DSO.SYNCHRONISATION_CONGESTION_POINT(ID, ENTITY_ADDRESS, LAST_MODIFICATION_TIME, LAST_SYNCHRONISATION_TIME) VALUES 
(-4, 'ea1.2015-02.com.usef-example:gridpoint.00000000-0000-0000-0004', TIMESTAMP '2015-05-21 07:51:35.0', NULL), 
(-3, 'ea1.2015-02.com.usef-example:gridpoint.00000000-0000-0000-0003', TIMESTAMP '2015-05-21 07:51:35.0', NULL), 
(-2, 'ea1.2015-02.com.usef-example:gridpoint.00000000-0000-0000-0002', TIMESTAMP '2015-05-21 07:51:35.0', NULL), 
(-1, 'ea1.2015-02.com.usef-example:gridpoint.00000000-0000-0000-0001', TIMESTAMP '2015-05-21 07:51:35.0', NULL);
INSERT INTO DSO1_USEF_EXAMPLE_COM_DSO.SYNCHRONISATION_CONGESTION_POINT_STATUS(ID, SYNCHRONISATION_CONGESTION_POINT_STATUS, COMMON_REFERENCE_OPERATOR_ID, SYNCHRONISATION_CONGESTION_POINT_ID) VALUES 
(-4, 'MODIFIED', -1, -4), 
(-3, 'MODIFIED', -1, -3), 
(-2, 'MODIFIED', -1, -2), 
(-1, 'MODIFIED', -1, -1);
INSERT INTO DSO1_USEF_EXAMPLE_COM_DSO.SYNCHRONISATION_CONNECTION(ID, ENTITY_ADDRESS, SYNCHRONISATION_CONGESTION_POINT_ID) VALUES 
(-560, 'ean.001040100000000660', -4), 
(-559, 'ean.001040100000000659', -4), 
(-558, 'ean.001040100000000658', -4), 
(-557, 'ean.001040100000000657', -4), 
(-556, 'ean.001040100000000656', -4), 
(-555, 'ean.001040100000000655', -4), 
(-554, 'ean.001040100000000654', -4), 
(-553, 'ean.001040100000000653', -4), 
(-552, 'ean.001040100000000652', -4), 
(-551, 'ean.001040100000000651', -4), 
(-550, 'ean.001040100000000650', -4), 
(-549, 'ean.001040100000000649', -4), 
(-548, 'ean.001040100000000648', -4), 
(-547, 'ean.001040100000000647', -4), 
(-546, 'ean.001040100000000646', -4), 
(-545, 'ean.001040100000000645', -4), 
(-544, 'ean.001040100000000644', -4), 
(-543, 'ean.001040100000000643', -4), 
(-542, 'ean.001040100000000642', -4), 
(-541, 'ean.001040100000000641', -4), 
(-540, 'ean.002030100000000540', -3), 
(-539, 'ean.002030100000000539', -3), 
(-538, 'ean.002030100000000538', -3), 
(-537, 'ean.002030100000000537', -3), 
(-536, 'ean.002030100000000536', -3), 
(-535, 'ean.002030100000000535', -3), 
(-534, 'ean.002030100000000534', -3), 
(-533, 'ean.002030100000000533', -3), 
(-532, 'ean.002030100000000532', -3), 
(-531, 'ean.002030100000000531', -3), 
(-530, 'ean.002030100000000530', -3), 
(-529, 'ean.002030100000000529', -3), 
(-528, 'ean.002030100000000528', -3), 
(-527, 'ean.002030100000000527', -3), 
(-526, 'ean.002030100000000526', -3), 
(-525, 'ean.002030100000000525', -3), 
(-524, 'ean.002030100000000524', -3), 
(-523, 'ean.002030100000000523', -3), 
(-522, 'ean.002030100000000522', -3), 
(-521, 'ean.002030100000000521', -3), 
(-520, 'ean.002030100000000520', -3), 
(-519, 'ean.002030100000000519', -3), 
(-518, 'ean.002030100000000518', -3), 
(-517, 'ean.002030100000000517', -3), 
(-516, 'ean.002030100000000516', -3), 
(-515, 'ean.002030100000000515', -3), 
(-514, 'ean.002030100000000514', -3), 
(-513, 'ean.002030100000000513', -3), 
(-512, 'ean.002030100000000512', -3), 
(-511, 'ean.002030100000000511', -3), 
(-510, 'ean.002030100000000510', -3), 
(-509, 'ean.002030100000000509', -3), 
(-508, 'ean.002030100000000508', -3), 
(-507, 'ean.002030100000000507', -3), 
(-506, 'ean.002030100000000506', -3), 
(-505, 'ean.002030100000000505', -3), 
(-504, 'ean.002030100000000504', -3), 
(-503, 'ean.002030100000000503', -3), 
(-502, 'ean.002030100000000502', -3), 
(-501, 'ean.002030100000000501', -3), 
(-500, 'ean.002030100000000500', -3), 
(-499, 'ean.002030100000000499', -3), 
(-498, 'ean.002030100000000498', -3), 
(-497, 'ean.002030100000000497', -3), 
(-496, 'ean.002030100000000496', -3), 
(-495, 'ean.002030100000000495', -3), 
(-494, 'ean.002030100000000494', -3), 
(-493, 'ean.002030100000000493', -3), 
(-492, 'ean.002030100000000492', -3), 
(-491, 'ean.002030100000000491', -3), 
(-490, 'ean.001030100000000490', -3), 
(-489, 'ean.001030100000000489', -3), 
(-488, 'ean.001030100000000488', -3), 
(-487, 'ean.001030100000000487', -3), 
(-486, 'ean.001030100000000486', -3), 
(-485, 'ean.001030100000000485', -3), 
(-484, 'ean.001030100000000484', -3), 
(-483, 'ean.001030100000000483', -3), 
(-482, 'ean.001030100000000482', -3), 
(-481, 'ean.001030100000000481', -3), 
(-480, 'ean.001030100000000480', -3), 
(-479, 'ean.001030100000000479', -3), 
(-478, 'ean.001030100000000478', -3), 
(-477, 'ean.001030100000000477', -3), 
(-476, 'ean.001030100000000476', -3), 
(-475, 'ean.001030100000000475', -3), 
(-474, 'ean.001030100000000474', -3), 
(-473, 'ean.001030100000000473', -3), 
(-472, 'ean.001030100000000472', -3), 
(-471, 'ean.001030100000000471', -3), 
(-470, 'ean.001030100000000470', -3), 
(-469, 'ean.001030100000000469', -3), 
(-468, 'ean.001030100000000468', -3), 
(-467, 'ean.001030100000000467', -3), 
(-466, 'ean.001030100000000466', -3), 
(-465, 'ean.001030100000000465', -3), 
(-464, 'ean.001030100000000464', -3), 
(-463, 'ean.001030100000000463', -3), 
(-462, 'ean.001030100000000462', -3), 
(-461, 'ean.001030100000000461', -3), 
(-460, 'ean.001030100000000460', -3), 
(-459, 'ean.001030100000000459', -3), 
(-458, 'ean.001030100000000458', -3), 
(-457, 'ean.001030100000000457', -3), 
(-456, 'ean.001030100000000456', -3);
INSERT INTO DSO1_USEF_EXAMPLE_COM_DSO.SYNCHRONISATION_CONNECTION(ID, ENTITY_ADDRESS, SYNCHRONISATION_CONGESTION_POINT_ID) VALUES 
(-455, 'ean.001030100000000455', -3), 
(-454, 'ean.001030100000000454', -3), 
(-453, 'ean.001030100000000453', -3), 
(-452, 'ean.001030100000000452', -3), 
(-451, 'ean.001030100000000451', -3), 
(-450, 'ean.001030100000000450', -3), 
(-449, 'ean.001030100000000449', -3), 
(-448, 'ean.001030100000000448', -3), 
(-447, 'ean.001030100000000447', -3), 
(-446, 'ean.001030100000000446', -3), 
(-445, 'ean.001030100000000445', -3), 
(-444, 'ean.001030100000000444', -3), 
(-443, 'ean.001030100000000443', -3), 
(-442, 'ean.001030100000000442', -3), 
(-441, 'ean.001030100000000441', -3), 
(-440, 'ean.302030100000000440', -3), 
(-439, 'ean.302030100000000439', -3), 
(-438, 'ean.302030100000000438', -3), 
(-437, 'ean.302030100000000437', -3), 
(-436, 'ean.302030100000000436', -3), 
(-435, 'ean.302030100000000435', -3), 
(-434, 'ean.302030100000000434', -3), 
(-433, 'ean.302030100000000433', -3), 
(-432, 'ean.302030100000000432', -3), 
(-431, 'ean.302030100000000431', -3), 
(-430, 'ean.302030100000000430', -3), 
(-429, 'ean.302030100000000429', -3), 
(-428, 'ean.302030100000000428', -3), 
(-427, 'ean.302030100000000427', -3), 
(-426, 'ean.302030100000000426', -3), 
(-425, 'ean.302030100000000425', -3), 
(-424, 'ean.302030100000000424', -3), 
(-423, 'ean.302030100000000423', -3), 
(-422, 'ean.302030100000000422', -3), 
(-421, 'ean.302030100000000421', -3), 
(-420, 'ean.302030100000000420', -3), 
(-419, 'ean.302030100000000419', -3), 
(-418, 'ean.302030100000000418', -3), 
(-417, 'ean.302030100000000417', -3), 
(-416, 'ean.302030100000000416', -3), 
(-415, 'ean.302030100000000415', -3), 
(-414, 'ean.302030100000000414', -3), 
(-413, 'ean.302030100000000413', -3), 
(-412, 'ean.302030100000000412', -3), 
(-411, 'ean.302030100000000411', -3), 
(-410, 'ean.302030100000000410', -3), 
(-409, 'ean.302030100000000409', -3), 
(-408, 'ean.302030100000000408', -3), 
(-407, 'ean.302030100000000407', -3), 
(-406, 'ean.302030100000000406', -3), 
(-405, 'ean.302030100000000405', -3), 
(-404, 'ean.302030100000000404', -3), 
(-403, 'ean.302030100000000403', -3), 
(-402, 'ean.302030100000000402', -3), 
(-401, 'ean.302030100000000401', -3), 
(-400, 'ean.302030100000000400', -3), 
(-399, 'ean.302030100000000399', -3), 
(-398, 'ean.302030100000000398', -3), 
(-397, 'ean.302030100000000397', -3), 
(-396, 'ean.302030100000000396', -3), 
(-395, 'ean.302030100000000395', -3), 
(-394, 'ean.302030100000000394', -3), 
(-393, 'ean.302030100000000393', -3), 
(-392, 'ean.302030100000000392', -3), 
(-391, 'ean.302030100000000391', -3), 
(-390, 'ean.302030100000000390', -3), 
(-389, 'ean.302030100000000389', -3), 
(-388, 'ean.302030100000000388', -3), 
(-387, 'ean.302030100000000387', -3), 
(-386, 'ean.302030100000000386', -3), 
(-385, 'ean.302030100000000385', -3), 
(-384, 'ean.302030100000000384', -3), 
(-383, 'ean.302030100000000383', -3), 
(-382, 'ean.302030100000000382', -3), 
(-381, 'ean.302030100000000381', -3), 
(-380, 'ean.302030100000000380', -3), 
(-379, 'ean.302030100000000379', -3), 
(-378, 'ean.302030100000000378', -3), 
(-377, 'ean.302030100000000377', -3), 
(-376, 'ean.302030100000000376', -3), 
(-375, 'ean.302030100000000375', -3), 
(-374, 'ean.302030100000000374', -3), 
(-373, 'ean.302030100000000373', -3), 
(-372, 'ean.302030100000000372', -3), 
(-371, 'ean.302030100000000371', -3), 
(-370, 'ean.302030100000000370', -3), 
(-369, 'ean.302030100000000369', -3), 
(-368, 'ean.302030100000000368', -3), 
(-367, 'ean.302030100000000367', -3), 
(-366, 'ean.302030100000000366', -3), 
(-365, 'ean.302030100000000365', -3), 
(-364, 'ean.302030100000000364', -3), 
(-363, 'ean.302030100000000363', -3), 
(-362, 'ean.302030100000000362', -3), 
(-361, 'ean.302030100000000361', -3), 
(-360, 'ean.302030100000000360', -3), 
(-359, 'ean.302030100000000359', -3), 
(-358, 'ean.302030100000000358', -3), 
(-357, 'ean.302030100000000357', -3), 
(-356, 'ean.302030100000000356', -3), 
(-355, 'ean.302030100000000355', -3), 
(-354, 'ean.302030100000000354', -3), 
(-353, 'ean.302030100000000353', -3), 
(-352, 'ean.302030100000000352', -3), 
(-351, 'ean.302030100000000351', -3);
INSERT INTO DSO1_USEF_EXAMPLE_COM_DSO.SYNCHRONISATION_CONNECTION(ID, ENTITY_ADDRESS, SYNCHRONISATION_CONGESTION_POINT_ID) VALUES 
(-350, 'ean.302030100000000350', -3), 
(-349, 'ean.302030100000000349', -3), 
(-348, 'ean.302030100000000348', -3), 
(-347, 'ean.302030100000000347', -3), 
(-346, 'ean.302030100000000346', -3), 
(-345, 'ean.302030100000000345', -3), 
(-344, 'ean.302030100000000344', -3), 
(-343, 'ean.302030100000000343', -3), 
(-342, 'ean.302030100000000342', -3), 
(-341, 'ean.302030100000000341', -3), 
(-340, 'ean.201030100000000340', -3), 
(-339, 'ean.201030100000000339', -3), 
(-338, 'ean.201030100000000338', -3), 
(-337, 'ean.201030100000000337', -3), 
(-336, 'ean.201030100000000336', -3), 
(-335, 'ean.201030100000000335', -3), 
(-334, 'ean.201030100000000334', -3), 
(-333, 'ean.201030100000000333', -3), 
(-332, 'ean.201030100000000332', -3), 
(-331, 'ean.201030100000000331', -3), 
(-330, 'ean.201030100000000330', -3), 
(-329, 'ean.201030100000000329', -3), 
(-328, 'ean.201030100000000328', -3), 
(-327, 'ean.201030100000000327', -3), 
(-326, 'ean.201030100000000326', -3), 
(-325, 'ean.201030100000000325', -3), 
(-324, 'ean.201030100000000324', -3), 
(-323, 'ean.201030100000000323', -3), 
(-322, 'ean.201030100000000322', -3), 
(-321, 'ean.201030100000000321', -3), 
(-320, 'ean.201030100000000320', -3), 
(-319, 'ean.201030100000000319', -3), 
(-318, 'ean.201030100000000318', -3), 
(-317, 'ean.201030100000000317', -3), 
(-316, 'ean.201030100000000316', -3), 
(-315, 'ean.201030100000000315', -3), 
(-314, 'ean.201030100000000314', -3), 
(-313, 'ean.201030100000000313', -3), 
(-312, 'ean.201030100000000312', -3), 
(-311, 'ean.201030100000000311', -3), 
(-310, 'ean.201030100000000310', -3), 
(-309, 'ean.201030100000000309', -3), 
(-308, 'ean.201030100000000308', -3), 
(-307, 'ean.201030100000000307', -3), 
(-306, 'ean.201030100000000306', -3), 
(-305, 'ean.201030100000000305', -3), 
(-304, 'ean.201030100000000304', -3), 
(-303, 'ean.201030100000000303', -3), 
(-302, 'ean.201030100000000302', -3), 
(-301, 'ean.201030100000000301', -3), 
(-300, 'ean.201030100000000300', -3), 
(-299, 'ean.201030100000000299', -3), 
(-298, 'ean.201030100000000298', -3), 
(-297, 'ean.201030100000000297', -3), 
(-296, 'ean.201030100000000296', -3), 
(-295, 'ean.201030100000000295', -3), 
(-294, 'ean.201030100000000294', -3), 
(-293, 'ean.201030100000000293', -3), 
(-292, 'ean.201030100000000292', -3), 
(-291, 'ean.201030100000000291', -3), 
(-290, 'ean.201030100000000290', -3), 
(-289, 'ean.201030100000000289', -3), 
(-288, 'ean.201030100000000288', -3), 
(-287, 'ean.201030100000000287', -3), 
(-286, 'ean.201030100000000286', -3), 
(-285, 'ean.201030100000000285', -3), 
(-284, 'ean.201030100000000284', -3), 
(-283, 'ean.201030100000000283', -3), 
(-282, 'ean.201030100000000282', -3), 
(-281, 'ean.201030100000000281', -3), 
(-280, 'ean.201030100000000280', -3), 
(-279, 'ean.201030100000000279', -3), 
(-278, 'ean.201030100000000278', -3), 
(-277, 'ean.201030100000000277', -3), 
(-276, 'ean.201030100000000276', -3), 
(-275, 'ean.201030100000000275', -3), 
(-274, 'ean.201030100000000274', -3), 
(-273, 'ean.201030100000000273', -3), 
(-272, 'ean.201030100000000272', -3), 
(-271, 'ean.201030100000000271', -3), 
(-270, 'ean.201030100000000270', -3), 
(-269, 'ean.201030100000000269', -3), 
(-268, 'ean.201030100000000268', -3), 
(-267, 'ean.201030100000000267', -3), 
(-266, 'ean.201030100000000266', -3), 
(-265, 'ean.201030100000000265', -3), 
(-264, 'ean.201030100000000264', -3), 
(-263, 'ean.201030100000000263', -3), 
(-262, 'ean.201030100000000262', -3), 
(-261, 'ean.201030100000000261', -3), 
(-260, 'ean.201030100000000260', -3), 
(-259, 'ean.201030100000000259', -3), 
(-258, 'ean.201030100000000258', -3), 
(-257, 'ean.201030100000000257', -3), 
(-256, 'ean.201030100000000256', -3), 
(-255, 'ean.201030100000000255', -3), 
(-254, 'ean.201030100000000254', -3), 
(-253, 'ean.201030100000000253', -3), 
(-252, 'ean.201030100000000252', -3), 
(-251, 'ean.201030100000000251', -3), 
(-250, 'ean.201030100000000250', -3), 
(-249, 'ean.201030100000000249', -3), 
(-248, 'ean.201030100000000248', -3), 
(-247, 'ean.201030100000000247', -3), 
(-246, 'ean.201030100000000246', -3);
INSERT INTO DSO1_USEF_EXAMPLE_COM_DSO.SYNCHRONISATION_CONNECTION(ID, ENTITY_ADDRESS, SYNCHRONISATION_CONGESTION_POINT_ID) VALUES 
(-245, 'ean.201030100000000245', -3), 
(-244, 'ean.201030100000000244', -3), 
(-243, 'ean.201030100000000243', -3), 
(-242, 'ean.201030100000000242', -3), 
(-241, 'ean.201030100000000241', -3), 
(-240, 'ean.101030100000000240', -3), 
(-239, 'ean.101030100000000239', -3), 
(-238, 'ean.101030100000000238', -3), 
(-237, 'ean.101030100000000237', -3), 
(-236, 'ean.101030100000000236', -3), 
(-235, 'ean.101030100000000235', -3), 
(-234, 'ean.101030100000000234', -3), 
(-233, 'ean.101030100000000233', -3), 
(-232, 'ean.101030100000000232', -3), 
(-231, 'ean.101030100000000231', -3), 
(-230, 'ean.101030100000000230', -3), 
(-229, 'ean.101030100000000229', -3), 
(-228, 'ean.101030100000000228', -3), 
(-227, 'ean.101030100000000227', -3), 
(-226, 'ean.101030100000000226', -3), 
(-225, 'ean.101030100000000225', -3), 
(-224, 'ean.101030100000000224', -3), 
(-223, 'ean.101030100000000223', -3), 
(-222, 'ean.101030100000000222', -3), 
(-221, 'ean.101030100000000221', -3), 
(-220, 'ean.101030100000000220', -3), 
(-219, 'ean.101030100000000219', -3), 
(-218, 'ean.101030100000000218', -3), 
(-217, 'ean.101030100000000217', -3), 
(-216, 'ean.101030100000000216', -3), 
(-215, 'ean.101030100000000215', -3), 
(-214, 'ean.101030100000000214', -3), 
(-213, 'ean.101030100000000213', -3), 
(-212, 'ean.101030100000000212', -3), 
(-211, 'ean.101030100000000211', -3), 
(-210, 'ean.101030100000000210', -3), 
(-209, 'ean.101030100000000209', -3), 
(-208, 'ean.101030100000000208', -3), 
(-207, 'ean.101030100000000207', -3), 
(-206, 'ean.101030100000000206', -3), 
(-205, 'ean.101030100000000205', -3), 
(-204, 'ean.101030100000000204', -3), 
(-203, 'ean.101030100000000203', -3), 
(-202, 'ean.101030100000000202', -3), 
(-201, 'ean.101030100000000201', -3), 
(-200, 'ean.101030100000000200', -3), 
(-199, 'ean.101030100000000199', -3), 
(-198, 'ean.101030100000000198', -3), 
(-197, 'ean.101030100000000197', -3), 
(-196, 'ean.101030100000000196', -3), 
(-195, 'ean.101030100000000195', -3), 
(-194, 'ean.101030100000000194', -3), 
(-193, 'ean.101030100000000193', -3), 
(-192, 'ean.101030100000000192', -3), 
(-191, 'ean.101030100000000191', -3), 
(-190, 'ean.101030100000000190', -3), 
(-189, 'ean.101030100000000189', -3), 
(-188, 'ean.101030100000000188', -3), 
(-187, 'ean.101030100000000187', -3), 
(-186, 'ean.101030100000000186', -3), 
(-185, 'ean.101030100000000185', -3), 
(-184, 'ean.101030100000000184', -3), 
(-183, 'ean.101030100000000183', -3), 
(-182, 'ean.101030100000000182', -3), 
(-181, 'ean.101030100000000181', -3), 
(-180, 'ean.101030100000000180', -3), 
(-179, 'ean.101030100000000179', -3), 
(-178, 'ean.101030100000000178', -3), 
(-177, 'ean.101030100000000177', -3), 
(-176, 'ean.101030100000000176', -3), 
(-175, 'ean.101030100000000175', -3), 
(-174, 'ean.101030100000000174', -3), 
(-173, 'ean.101030100000000173', -3), 
(-172, 'ean.101030100000000172', -3), 
(-171, 'ean.101030100000000171', -3), 
(-170, 'ean.101030100000000170', -3), 
(-169, 'ean.101030100000000169', -3), 
(-168, 'ean.101030100000000168', -3), 
(-167, 'ean.101030100000000167', -3), 
(-166, 'ean.101030100000000166', -3), 
(-165, 'ean.101030100000000165', -3), 
(-164, 'ean.101030100000000164', -3), 
(-163, 'ean.101030100000000163', -3), 
(-162, 'ean.101030100000000162', -3), 
(-161, 'ean.101030100000000161', -3), 
(-160, 'ean.101030100000000160', -3), 
(-159, 'ean.101030100000000159', -3), 
(-158, 'ean.101030100000000158', -3), 
(-157, 'ean.101030100000000157', -3), 
(-156, 'ean.101030100000000156', -3), 
(-155, 'ean.101030100000000155', -3), 
(-154, 'ean.101030100000000154', -3), 
(-153, 'ean.101030100000000153', -3), 
(-152, 'ean.101030100000000152', -3), 
(-151, 'ean.101030100000000151', -3), 
(-150, 'ean.101030100000000150', -3), 
(-149, 'ean.101030100000000149', -3), 
(-148, 'ean.101030100000000148', -3), 
(-147, 'ean.101030100000000147', -3), 
(-146, 'ean.101030100000000146', -3), 
(-145, 'ean.101030100000000145', -3), 
(-144, 'ean.101030100000000144', -3), 
(-143, 'ean.101030100000000143', -3), 
(-142, 'ean.101030100000000142', -3), 
(-141, 'ean.101030100000000141', -3);
INSERT INTO DSO1_USEF_EXAMPLE_COM_DSO.SYNCHRONISATION_CONNECTION(ID, ENTITY_ADDRESS, SYNCHRONISATION_CONGESTION_POINT_ID) VALUES 
(-140, 'ean.002020100000000140', -2), 
(-139, 'ean.002020100000000139', -2), 
(-138, 'ean.002020100000000138', -2), 
(-137, 'ean.002020100000000137', -2), 
(-136, 'ean.002020100000000136', -2), 
(-135, 'ean.002020100000000135', -2), 
(-134, 'ean.002020100000000134', -2), 
(-133, 'ean.002020100000000133', -2), 
(-132, 'ean.002020100000000132', -2), 
(-131, 'ean.002020100000000131', -2), 
(-130, 'ean.002020100000000130', -2), 
(-129, 'ean.002020100000000129', -2), 
(-128, 'ean.002020100000000128', -2), 
(-127, 'ean.002020100000000127', -2), 
(-126, 'ean.002020100000000126', -2), 
(-125, 'ean.001020100000000125', -2), 
(-124, 'ean.001020100000000124', -2), 
(-123, 'ean.001020100000000123', -2), 
(-122, 'ean.001020100000000122', -2), 
(-121, 'ean.001020100000000121', -2), 
(-120, 'ean.001020100000000120', -2), 
(-119, 'ean.001020100000000119', -2), 
(-118, 'ean.001020100000000118', -2), 
(-117, 'ean.001020100000000117', -2), 
(-116, 'ean.001020100000000116', -2), 
(-115, 'ean.001020100000000115', -2), 
(-114, 'ean.001020100000000114', -2), 
(-113, 'ean.001020100000000113', -2), 
(-112, 'ean.001020100000000112', -2), 
(-111, 'ean.001020100000000111', -2), 
(-110, 'ean.302020100000000110', -2), 
(-109, 'ean.302020100000000109', -2), 
(-108, 'ean.302020100000000108', -2), 
(-107, 'ean.302020100000000107', -2), 
(-106, 'ean.302020100000000106', -2), 
(-105, 'ean.302020100000000105', -2), 
(-104, 'ean.302020100000000104', -2), 
(-103, 'ean.302020100000000103', -2), 
(-102, 'ean.302020100000000102', -2), 
(-101, 'ean.302020100000000101', -2), 
(-100, 'ean.302020100000000100', -2), 
(-99, 'ean.302020100000000099', -2), 
(-98, 'ean.302020100000000098', -2), 
(-97, 'ean.302020100000000097', -2), 
(-96, 'ean.302020100000000096', -2), 
(-95, 'ean.302020100000000095', -2), 
(-94, 'ean.302020100000000094', -2), 
(-93, 'ean.302020100000000093', -2), 
(-92, 'ean.302020100000000092', -2), 
(-91, 'ean.302020100000000091', -2), 
(-90, 'ean.201020100000000090', -2), 
(-89, 'ean.201020100000000089', -2), 
(-88, 'ean.201020100000000088', -2), 
(-87, 'ean.201020100000000087', -2), 
(-86, 'ean.201020100000000086', -2), 
(-85, 'ean.201020100000000085', -2), 
(-84, 'ean.201020100000000084', -2), 
(-83, 'ean.201020100000000083', -2), 
(-82, 'ean.201020100000000082', -2), 
(-81, 'ean.201020100000000081', -2), 
(-80, 'ean.201020100000000080', -2), 
(-79, 'ean.201020100000000079', -2), 
(-78, 'ean.201020100000000078', -2), 
(-77, 'ean.201020100000000077', -2), 
(-76, 'ean.201020100000000076', -2), 
(-75, 'ean.201020100000000075', -2), 
(-74, 'ean.201020100000000074', -2), 
(-73, 'ean.201020100000000073', -2), 
(-72, 'ean.201020100000000072', -2), 
(-71, 'ean.201020100000000071', -2), 
(-70, 'ean.201020100000000070', -2), 
(-69, 'ean.201020100000000069', -2), 
(-68, 'ean.201020100000000068', -2), 
(-67, 'ean.201020100000000067', -2), 
(-66, 'ean.201020100000000066', -2), 
(-65, 'ean.201020100000000065', -2), 
(-64, 'ean.201020100000000064', -2), 
(-63, 'ean.201020100000000063', -2), 
(-62, 'ean.201020100000000062', -2), 
(-61, 'ean.201020100000000061', -2), 
(-60, 'ean.201020100000000060', -2), 
(-59, 'ean.201020100000000059', -2), 
(-58, 'ean.201020100000000058', -2), 
(-57, 'ean.201020100000000057', -2), 
(-56, 'ean.201020100000000056', -2), 
(-55, 'ean.201020100000000055', -2), 
(-54, 'ean.201020100000000054', -2), 
(-53, 'ean.201020100000000053', -2), 
(-52, 'ean.201020100000000052', -2), 
(-51, 'ean.201020100000000051', -2), 
(-50, 'ean.101020100000000050', -2), 
(-49, 'ean.101020100000000049', -2), 
(-48, 'ean.101020100000000048', -2), 
(-47, 'ean.101020100000000047', -2), 
(-46, 'ean.101020100000000046', -2), 
(-45, 'ean.101020100000000045', -2), 
(-44, 'ean.101020100000000044', -2), 
(-43, 'ean.101020100000000043', -2), 
(-42, 'ean.101020100000000042', -2), 
(-41, 'ean.101020100000000041', -2), 
(-40, 'ean.002010100000000040', -1), 
(-39, 'ean.002010100000000039', -1), 
(-38, 'ean.002010100000000038', -1), 
(-37, 'ean.002010100000000037', -1), 
(-36, 'ean.002010100000000036', -1), 
(-35, 'ean.002010100000000035', -1), 
(-34, 'ean.002010100000000034', -1);
INSERT INTO DSO1_USEF_EXAMPLE_COM_DSO.SYNCHRONISATION_CONNECTION(ID, ENTITY_ADDRESS, SYNCHRONISATION_CONGESTION_POINT_ID) VALUES 
(-33, 'ean.002010100000000033', -1), 
(-32, 'ean.002010100000000032', -1), 
(-31, 'ean.002010100000000031', -1), 
(-30, 'ean.001010100000000030', -1), 
(-29, 'ean.001010100000000029', -1), 
(-28, 'ean.001010100000000028', -1), 
(-27, 'ean.001010100000000027', -1), 
(-26, 'ean.001010100000000026', -1), 
(-25, 'ean.001010100000000025', -1), 
(-24, 'ean.001010100000000024', -1), 
(-23, 'ean.001010100000000023', -1), 
(-22, 'ean.001010100000000022', -1), 
(-21, 'ean.001010100000000021', -1), 
(-20, 'ean.302010100000000020', -1), 
(-19, 'ean.302010100000000019', -1), 
(-18, 'ean.302010100000000018', -1), 
(-17, 'ean.302010100000000017', -1), 
(-16, 'ean.302010100000000016', -1), 
(-15, 'ean.302010100000000015', -1), 
(-14, 'ean.302010100000000014', -1), 
(-13, 'ean.302010100000000013', -1), 
(-12, 'ean.302010100000000012', -1), 
(-11, 'ean.302010100000000011', -1), 
(-10, 'ean.201010100000000010', -1), 
(-9, 'ean.201010100000000009', -1), 
(-8, 'ean.201010100000000008', -1), 
(-7, 'ean.201010100000000007', -1), 
(-6, 'ean.201010100000000006', -1), 
(-5, 'ean.201010100000000005', -1), 
(-4, 'ean.201010100000000004', -1), 
(-3, 'ean.201010100000000003', -1), 
(-2, 'ean.201010100000000002', -1), 
(-1, 'ean.201010100000000001', -1);
