--
-- Copyright 2015-2016 USEF Foundation
--
-- Licensed under the Apache License, Version 2.0 (the "License");
-- you may not use this file except in compliance with the License.
-- You may obtain a copy of the License at
--
-- http://www.apache.org/licenses/LICENSE-2.0
--
-- Unless required by applicable law or agreed to in writing, software
-- distributed under the License is distributed on an "AS IS" BASIS,
-- WITHOUT WARRANTIES OR CONDITIONS OF ANY KIND, either express or implied.
-- See the License for the specific language governing permissions and
-- limitations under the License.
--
INSERT INTO MDC1_USEF_EXAMPLE_COM_MDC.BALANCE_RESPONSIBLE_PARTY(DOMAIN) VALUES 
('brp1.usef-example.com'), 
('brp2.usef-example.com');
INSERT INTO MDC1_USEF_EXAMPLE_COM_MDC.COMMON_REFERENCE_OPERATOR(DOMAIN) VALUES 
('cro1.usef-example.com');
INSERT INTO MDC1_USEF_EXAMPLE_COM_MDC.CONNECTION(ENTITY_ADDRESS) VALUES 
('ean.201010100000000001'), 
('ean.302010100000000002'), 
('ean.001010100000000003'), 
('ean.002010100000000004'), 
('ean.101020100000000005'), 
('ean.201020100000000006'), 
('ean.201020100000000007'), 
('ean.201020100000000008'), 
('ean.201020100000000009'), 
('ean.302020100000000010'), 
('ean.302020100000000011'), 
('ean.001020100000000012'), 
('ean.001020100000000013'), 
('ean.002020100000000014'), 
('ean.101030100000000015'), 
('ean.101030100000000016'), 
('ean.101030100000000017'), 
('ean.101030100000000018'), 
('ean.101030100000000019'), 
('ean.101030100000000020'), 
('ean.101030100000000021'), 
('ean.101030100000000022'), 
('ean.101030100000000023'), 
('ean.101030100000000024'), 
('ean.201030100000000025'), 
('ean.201030100000000026'), 
('ean.201030100000000027'), 
('ean.201030100000000028'), 
('ean.201030100000000029'), 
('ean.201030100000000030'), 
('ean.201030100000000031'), 
('ean.201030100000000032'), 
('ean.201030100000000033'), 
('ean.201030100000000034'), 
('ean.302030100000000035'), 
('ean.302030100000000036'), 
('ean.302030100000000037'), 
('ean.302030100000000038'), 
('ean.302030100000000039'), 
('ean.302030100000000040'), 
('ean.302030100000000041'), 
('ean.302030100000000042'), 
('ean.302030100000000043'), 
('ean.302030100000000044'), 
('ean.001030100000000045'), 
('ean.001030100000000046'), 
('ean.001030100000000047'), 
('ean.001030100000000048'), 
('ean.001030100000000049'), 
('ean.002030100000000050'), 
('ean.002030100000000051'), 
('ean.002030100000000052'), 
('ean.002030100000000053'), 
('ean.002030100000000054'), 
('ean.101000000000000055'), 
('ean.101000000000000056'), 
('ean.101000000000000057'), 
('ean.101000000000000058'), 
('ean.101000000000000059'), 
('ean.201000000000000060'), 
('ean.201000000000000061'), 
('ean.201000000000000062'), 
('ean.201000000000000063'), 
('ean.201000000000000064'), 
('ean.001040100000000065'), 
('ean.001040100000000066');
INSERT INTO MDC1_USEF_EXAMPLE_COM_MDC.DISTRIBUTION_SYSTEM_OPERATOR(DSO_DOMAIN) VALUES 
('dso1.usef-example.com');
INSERT INTO BRP2_USEF_EXAMPLE_COM_BRP.COMMON_REFERENCE_OPERATOR(ID, DOMAIN) VALUES 
(-1, 'cro1.usef-example.com');
INSERT INTO BRP2_USEF_EXAMPLE_COM_BRP.METER_DATA_COMPANY(DOMAIN) VALUES 
('mdc1.usef-example.com');
INSERT INTO BRP2_USEF_EXAMPLE_COM_BRP.SYNCHRONISATION_CONNECTION(ID, ENTITY_ADDRESS, LAST_MODIFICATION_TIME, LAST_SYNCHRONISATION_TIME) VALUES 
(-20, 'ean.002030100000000054', TIMESTAMP '2015-05-21 08:00:43.0', NULL), 
(-19, 'ean.002030100000000053', TIMESTAMP '2015-05-21 08:00:43.0', NULL), 
(-18, 'ean.002030100000000052', TIMESTAMP '2015-05-21 08:00:43.0', NULL), 
(-17, 'ean.002030100000000051', TIMESTAMP '2015-05-21 08:00:43.0', NULL), 
(-16, 'ean.002030100000000050', TIMESTAMP '2015-05-21 08:00:43.0', NULL), 
(-15, 'ean.302030100000000044', TIMESTAMP '2015-05-21 08:00:43.0', NULL), 
(-14, 'ean.302030100000000043', TIMESTAMP '2015-05-21 08:00:43.0', NULL), 
(-13, 'ean.302030100000000042', TIMESTAMP '2015-05-21 08:00:43.0', NULL), 
(-12, 'ean.302030100000000041', TIMESTAMP '2015-05-21 08:00:43.0', NULL), 
(-11, 'ean.302030100000000040', TIMESTAMP '2015-05-21 08:00:43.0', NULL), 
(-10, 'ean.302030100000000039', TIMESTAMP '2015-05-21 08:00:43.0', NULL), 
(-9, 'ean.302030100000000038', TIMESTAMP '2015-05-21 08:00:43.0', NULL), 
(-8, 'ean.302030100000000037', TIMESTAMP '2015-05-21 08:00:43.0', NULL), 
(-7, 'ean.302030100000000036', TIMESTAMP '2015-05-21 08:00:43.0', NULL), 
(-6, 'ean.302030100000000035', TIMESTAMP '2015-05-21 08:00:43.0', NULL), 
(-5, 'ean.002020100000000014', TIMESTAMP '2015-05-21 08:00:43.0', NULL), 
(-4, 'ean.302020100000000011', TIMESTAMP '2015-05-21 08:00:43.0', NULL), 
(-3, 'ean.302020100000000010', TIMESTAMP '2015-05-21 08:00:43.0', NULL), 
(-2, 'ean.002010100000000004', TIMESTAMP '2015-05-21 08:00:43.0', NULL), 
(-1, 'ean.302010100000000002', TIMESTAMP '2015-05-21 08:00:43.0', NULL);
INSERT INTO BRP2_USEF_EXAMPLE_COM_BRP.SYNCHRONISATION_CONNECTION_STATUS(ID, SYNCHRONISATION_CONNECTION_STATUS, COMMON_REFERENCE_OPERATOR_ID, SYNCHRONISATION_CONNECTION_ID) VALUES 
(-20, 'MODIFIED', -1, -20), 
(-19, 'MODIFIED', -1, -19), 
(-18, 'MODIFIED', -1, -18), 
(-17, 'MODIFIED', -1, -17), 
(-16, 'MODIFIED', -1, -16), 
(-15, 'MODIFIED', -1, -15), 
(-14, 'MODIFIED', -1, -14), 
(-13, 'MODIFIED', -1, -13), 
(-12, 'MODIFIED', -1, -12), 
(-11, 'MODIFIED', -1, -11), 
(-10, 'MODIFIED', -1, -10), 
(-9, 'MODIFIED', -1, -9), 
(-8, 'MODIFIED', -1, -8), 
(-7, 'MODIFIED', -1, -7), 
(-6, 'MODIFIED', -1, -6), 
(-5, 'MODIFIED', -1, -5), 
(-4, 'MODIFIED', -1, -4), 
(-3, 'MODIFIED', -1, -3), 
(-2, 'MODIFIED', -1, -2), 
(-1, 'MODIFIED', -1, -1);
INSERT INTO BRP1_USEF_EXAMPLE_COM_BRP.COMMON_REFERENCE_OPERATOR(ID, DOMAIN) VALUES 
(-1, 'cro1.usef-example.com');
INSERT INTO BRP1_USEF_EXAMPLE_COM_BRP.METER_DATA_COMPANY(DOMAIN) VALUES 
('mdc1.usef-example.com');
INSERT INTO BRP1_USEF_EXAMPLE_COM_BRP.SYNCHRONISATION_CONNECTION(ID, ENTITY_ADDRESS, LAST_MODIFICATION_TIME, LAST_SYNCHRONISATION_TIME) VALUES 
(-46, 'ean.001040100000000066', TIMESTAMP '2015-05-21 08:00:43.0', NULL), 
(-45, 'ean.001040100000000065', TIMESTAMP '2015-05-21 08:00:43.0', NULL), 
(-44, 'ean.201000000000000064', TIMESTAMP '2015-05-21 08:00:43.0', NULL), 
(-43, 'ean.201000000000000063', TIMESTAMP '2015-05-21 08:00:43.0', NULL), 
(-42, 'ean.201000000000000062', TIMESTAMP '2015-05-21 08:00:43.0', NULL), 
(-41, 'ean.201000000000000061', TIMESTAMP '2015-05-21 08:00:43.0', NULL), 
(-40, 'ean.201000000000000060', TIMESTAMP '2015-05-21 08:00:43.0', NULL), 
(-39, 'ean.101000000000000059', TIMESTAMP '2015-05-21 08:00:43.0', NULL), 
(-38, 'ean.101000000000000058', TIMESTAMP '2015-05-21 08:00:43.0', NULL), 
(-37, 'ean.101000000000000057', TIMESTAMP '2015-05-21 08:00:43.0', NULL), 
(-36, 'ean.101000000000000056', TIMESTAMP '2015-05-21 08:00:43.0', NULL), 
(-35, 'ean.101000000000000055', TIMESTAMP '2015-05-21 08:00:43.0', NULL), 
(-34, 'ean.001030100000000049', TIMESTAMP '2015-05-21 08:00:43.0', NULL), 
(-33, 'ean.001030100000000048', TIMESTAMP '2015-05-21 08:00:43.0', NULL), 
(-32, 'ean.001030100000000047', TIMESTAMP '2015-05-21 08:00:43.0', NULL), 
(-31, 'ean.001030100000000046', TIMESTAMP '2015-05-21 08:00:43.0', NULL), 
(-30, 'ean.001030100000000045', TIMESTAMP '2015-05-21 08:00:43.0', NULL), 
(-29, 'ean.201030100000000034', TIMESTAMP '2015-05-21 08:00:43.0', NULL), 
(-28, 'ean.201030100000000033', TIMESTAMP '2015-05-21 08:00:43.0', NULL), 
(-27, 'ean.201030100000000032', TIMESTAMP '2015-05-21 08:00:43.0', NULL), 
(-26, 'ean.201030100000000031', TIMESTAMP '2015-05-21 08:00:43.0', NULL), 
(-25, 'ean.201030100000000030', TIMESTAMP '2015-05-21 08:00:43.0', NULL), 
(-24, 'ean.201030100000000029', TIMESTAMP '2015-05-21 08:00:43.0', NULL), 
(-23, 'ean.201030100000000028', TIMESTAMP '2015-05-21 08:00:43.0', NULL), 
(-22, 'ean.201030100000000027', TIMESTAMP '2015-05-21 08:00:43.0', NULL), 
(-21, 'ean.201030100000000026', TIMESTAMP '2015-05-21 08:00:43.0', NULL), 
(-20, 'ean.201030100000000025', TIMESTAMP '2015-05-21 08:00:43.0', NULL), 
(-19, 'ean.101030100000000024', TIMESTAMP '2015-05-21 08:00:43.0', NULL), 
(-18, 'ean.101030100000000023', TIMESTAMP '2015-05-21 08:00:43.0', NULL), 
(-17, 'ean.101030100000000022', TIMESTAMP '2015-05-21 08:00:43.0', NULL), 
(-16, 'ean.101030100000000021', TIMESTAMP '2015-05-21 08:00:43.0', NULL), 
(-15, 'ean.101030100000000020', TIMESTAMP '2015-05-21 08:00:43.0', NULL), 
(-14, 'ean.101030100000000019', TIMESTAMP '2015-05-21 08:00:43.0', NULL), 
(-13, 'ean.101030100000000018', TIMESTAMP '2015-05-21 08:00:43.0', NULL), 
(-12, 'ean.101030100000000017', TIMESTAMP '2015-05-21 08:00:43.0', NULL), 
(-11, 'ean.101030100000000016', TIMESTAMP '2015-05-21 08:00:43.0', NULL), 
(-10, 'ean.101030100000000015', TIMESTAMP '2015-05-21 08:00:43.0', NULL), 
(-9, 'ean.001020100000000013', TIMESTAMP '2015-05-21 08:00:43.0', NULL), 
(-8, 'ean.001020100000000012', TIMESTAMP '2015-05-21 08:00:43.0', NULL), 
(-7, 'ean.201020100000000009', TIMESTAMP '2015-05-21 08:00:43.0', NULL), 
(-6, 'ean.201020100000000008', TIMESTAMP '2015-05-21 08:00:43.0', NULL), 
(-5, 'ean.201020100000000007', TIMESTAMP '2015-05-21 08:00:43.0', NULL), 
(-4, 'ean.201020100000000006', TIMESTAMP '2015-05-21 08:00:43.0', NULL), 
(-3, 'ean.101020100000000005', TIMESTAMP '2015-05-21 08:00:43.0', NULL), 
(-2, 'ean.001010100000000003', TIMESTAMP '2015-05-21 08:00:43.0', NULL), 
(-1, 'ean.201010100000000001', TIMESTAMP '2015-05-21 08:00:43.0', NULL);
INSERT INTO BRP1_USEF_EXAMPLE_COM_BRP.SYNCHRONISATION_CONNECTION_STATUS(ID, SYNCHRONISATION_CONNECTION_STATUS, COMMON_REFERENCE_OPERATOR_ID, SYNCHRONISATION_CONNECTION_ID) VALUES 
(-46, 'MODIFIED', -1, -46), 
(-45, 'MODIFIED', -1, -45), 
(-44, 'MODIFIED', -1, -44), 
(-43, 'MODIFIED', -1, -43), 
(-42, 'MODIFIED', -1, -42), 
(-41, 'MODIFIED', -1, -41), 
(-40, 'MODIFIED', -1, -40), 
(-39, 'MODIFIED', -1, -39), 
(-38, 'MODIFIED', -1, -38), 
(-37, 'MODIFIED', -1, -37), 
(-36, 'MODIFIED', -1, -36), 
(-35, 'MODIFIED', -1, -35), 
(-34, 'MODIFIED', -1, -34), 
(-33, 'MODIFIED', -1, -33), 
(-32, 'MODIFIED', -1, -32), 
(-31, 'MODIFIED', -1, -31), 
(-30, 'MODIFIED', -1, -30), 
(-29, 'MODIFIED', -1, -29), 
(-28, 'MODIFIED', -1, -28), 
(-27, 'MODIFIED', -1, -27), 
(-26, 'MODIFIED', -1, -26), 
(-25, 'MODIFIED', -1, -25), 
(-24, 'MODIFIED', -1, -24), 
(-23, 'MODIFIED', -1, -23), 
(-22, 'MODIFIED', -1, -22), 
(-21, 'MODIFIED', -1, -21), 
(-20, 'MODIFIED', -1, -20), 
(-19, 'MODIFIED', -1, -19), 
(-18, 'MODIFIED', -1, -18), 
(-17, 'MODIFIED', -1, -17), 
(-16, 'MODIFIED', -1, -16), 
(-15, 'MODIFIED', -1, -15), 
(-14, 'MODIFIED', -1, -14), 
(-13, 'MODIFIED', -1, -13), 
(-12, 'MODIFIED', -1, -12), 
(-11, 'MODIFIED', -1, -11), 
(-10, 'MODIFIED', -1, -10), 
(-9, 'MODIFIED', -1, -9), 
(-8, 'MODIFIED', -1, -8), 
(-7, 'MODIFIED', -1, -7), 
(-6, 'MODIFIED', -1, -6), 
(-5, 'MODIFIED', -1, -5), 
(-4, 'MODIFIED', -1, -4), 
(-3, 'MODIFIED', -1, -3), 
(-2, 'MODIFIED', -1, -2), 
(-1, 'MODIFIED', -1, -1);
INSERT INTO DSO1_USEF_EXAMPLE_COM_DSO.COMMON_REFERENCE_OPERATOR(ID, DOMAIN) VALUES 
(-1, 'cro1.usef-example.com');
INSERT INTO DSO1_USEF_EXAMPLE_COM_DSO.METER_DATA_COMPANY(DOMAIN) VALUES 
('mdc1.usef-example.com');
INSERT INTO DSO1_USEF_EXAMPLE_COM_DSO.SYNCHRONISATION_CONGESTION_POINT(ID, ENTITY_ADDRESS, LAST_MODIFICATION_TIME, LAST_SYNCHRONISATION_TIME) VALUES 
(-4, 'ea1.2015-02.com.usef-example:gridpoint.00000000-0000-0000-0004', TIMESTAMP '2015-05-21 08:00:43.0', NULL), 
(-3, 'ea1.2015-02.com.usef-example:gridpoint.00000000-0000-0000-0003', TIMESTAMP '2015-05-21 08:00:43.0', NULL), 
(-2, 'ea1.2015-02.com.usef-example:gridpoint.00000000-0000-0000-0002', TIMESTAMP '2015-05-21 08:00:43.0', NULL), 
(-1, 'ea1.2015-02.com.usef-example:gridpoint.00000000-0000-0000-0001', TIMESTAMP '2015-05-21 08:00:43.0', NULL);
INSERT INTO DSO1_USEF_EXAMPLE_COM_DSO.SYNCHRONISATION_CONGESTION_POINT_STATUS(ID, SYNCHRONISATION_CONGESTION_POINT_STATUS, COMMON_REFERENCE_OPERATOR_ID, SYNCHRONISATION_CONGESTION_POINT_ID) VALUES 
(-4, 'MODIFIED', -1, -4), 
(-3, 'MODIFIED', -1, -3), 
(-2, 'MODIFIED', -1, -2), 
(-1, 'MODIFIED', -1, -1);
INSERT INTO DSO1_USEF_EXAMPLE_COM_DSO.SYNCHRONISATION_CONNECTION(ID, ENTITY_ADDRESS, SYNCHRONISATION_CONGESTION_POINT_ID) VALUES 
(-56, 'ean.001040100000000066', -4), 
(-55, 'ean.001040100000000065', -4), 
(-54, 'ean.002030100000000054', -3), 
(-53, 'ean.002030100000000053', -3), 
(-52, 'ean.002030100000000052', -3), 
(-51, 'ean.002030100000000051', -3), 
(-50, 'ean.002030100000000050', -3), 
(-49, 'ean.001030100000000049', -3), 
(-48, 'ean.001030100000000048', -3), 
(-47, 'ean.001030100000000047', -3), 
(-46, 'ean.001030100000000046', -3), 
(-45, 'ean.001030100000000045', -3), 
(-44, 'ean.302030100000000044', -3), 
(-43, 'ean.302030100000000043', -3), 
(-42, 'ean.302030100000000042', -3), 
(-41, 'ean.302030100000000041', -3), 
(-40, 'ean.302030100000000040', -3), 
(-39, 'ean.302030100000000039', -3), 
(-38, 'ean.302030100000000038', -3), 
(-37, 'ean.302030100000000037', -3), 
(-36, 'ean.302030100000000036', -3), 
(-35, 'ean.302030100000000035', -3), 
(-34, 'ean.201030100000000034', -3), 
(-33, 'ean.201030100000000033', -3), 
(-32, 'ean.201030100000000032', -3), 
(-31, 'ean.201030100000000031', -3), 
(-30, 'ean.201030100000000030', -3), 
(-29, 'ean.201030100000000029', -3), 
(-28, 'ean.201030100000000028', -3), 
(-27, 'ean.201030100000000027', -3), 
(-26, 'ean.201030100000000026', -3), 
(-25, 'ean.201030100000000025', -3), 
(-24, 'ean.101030100000000024', -3), 
(-23, 'ean.101030100000000023', -3), 
(-22, 'ean.101030100000000022', -3), 
(-21, 'ean.101030100000000021', -3), 
(-20, 'ean.101030100000000020', -3), 
(-19, 'ean.101030100000000019', -3), 
(-18, 'ean.101030100000000018', -3), 
(-17, 'ean.101030100000000017', -3), 
(-16, 'ean.101030100000000016', -3), 
(-15, 'ean.101030100000000015', -3), 
(-14, 'ean.002020100000000014', -2), 
(-13, 'ean.001020100000000013', -2), 
(-12, 'ean.001020100000000012', -2), 
(-11, 'ean.302020100000000011', -2), 
(-10, 'ean.302020100000000010', -2), 
(-9, 'ean.201020100000000009', -2), 
(-8, 'ean.201020100000000008', -2), 
(-7, 'ean.201020100000000007', -2), 
(-6, 'ean.201020100000000006', -2), 
(-5, 'ean.101020100000000005', -2), 
(-4, 'ean.002010100000000004', -1), 
(-3, 'ean.001010100000000003', -1), 
(-2, 'ean.302010100000000002', -1), 
(-1, 'ean.201010100000000001', -1);
INSERT INTO AGR1_USEF_EXAMPLE_COM_AGR.COMMON_REFERENCE_OPERATOR(ID, DOMAIN) VALUES 
(-1, 'cro1.usef-example.com');
INSERT INTO AGR1_USEF_EXAMPLE_COM_AGR.SYNCHRONISATION_CONNECTION(ID, ENTITY_ADDRESS, IS_CUSTOMER, LAST_MODIFICATION_TIME, LAST_SYNCHRONISATION_TIME) VALUES 
(-16, 'ean.101000000000000059', TRUE, TIMESTAMP '2015-05-21 08:00:42.0', NULL), 
(-15, 'ean.101000000000000058', TRUE, TIMESTAMP '2015-05-21 08:00:42.0', NULL), 
(-14, 'ean.101000000000000057', TRUE, TIMESTAMP '2015-05-21 08:00:42.0', NULL), 
(-13, 'ean.101000000000000056', TRUE, TIMESTAMP '2015-05-21 08:00:42.0', NULL), 
(-12, 'ean.101000000000000055', TRUE, TIMESTAMP '2015-05-21 08:00:42.0', NULL), 
(-11, 'ean.101030100000000024', TRUE, TIMESTAMP '2015-05-21 08:00:42.0', NULL), 
(-10, 'ean.101030100000000023', TRUE, TIMESTAMP '2015-05-21 08:00:42.0', NULL), 
(-9, 'ean.101030100000000022', TRUE, TIMESTAMP '2015-05-21 08:00:42.0', NULL), 
(-8, 'ean.101030100000000021', TRUE, TIMESTAMP '2015-05-21 08:00:42.0', NULL), 
(-7, 'ean.101030100000000020', TRUE, TIMESTAMP '2015-05-21 08:00:42.0', NULL), 
(-6, 'ean.101030100000000019', TRUE, TIMESTAMP '2015-05-21 08:00:42.0', NULL), 
(-5, 'ean.101030100000000018', TRUE, TIMESTAMP '2015-05-21 08:00:42.0', NULL), 
(-4, 'ean.101030100000000017', TRUE, TIMESTAMP '2015-05-21 08:00:42.0', NULL), 
(-3, 'ean.101030100000000016', TRUE, TIMESTAMP '2015-05-21 08:00:42.0', NULL), 
(-2, 'ean.101030100000000015', TRUE, TIMESTAMP '2015-05-21 08:00:42.0', NULL), 
(-1, 'ean.101020100000000005', TRUE, TIMESTAMP '2015-05-21 08:00:42.0', NULL);
INSERT INTO AGR1_USEF_EXAMPLE_COM_AGR.SYNCHRONISATION_CONNECTION_STATUS(ID, SYNCHRONISATION_CONNECTION_STATUS, COMMON_REFERENCE_OPERATOR_ID, SYNCHRONISATION_CONNECTION_ID) VALUES 
(-16, 'MODIFIED', -1, -16), 
(-15, 'MODIFIED', -1, -15), 
(-14, 'MODIFIED', -1, -14), 
(-13, 'MODIFIED', -1, -13), 
(-12, 'MODIFIED', -1, -12), 
(-11, 'MODIFIED', -1, -11), 
(-10, 'MODIFIED', -1, -10), 
(-9, 'MODIFIED', -1, -9), 
(-8, 'MODIFIED', -1, -8), 
(-7, 'MODIFIED', -1, -7), 
(-6, 'MODIFIED', -1, -6), 
(-5, 'MODIFIED', -1, -5), 
(-4, 'MODIFIED', -1, -4), 
(-3, 'MODIFIED', -1, -3), 
(-2, 'MODIFIED', -1, -2), 
(-1, 'MODIFIED', -1, -1);
INSERT INTO AGR2_USEF_EXAMPLE_COM_AGR.COMMON_REFERENCE_OPERATOR(ID, DOMAIN) VALUES 
(-1, 'cro1.usef-example.com');
INSERT INTO AGR2_USEF_EXAMPLE_COM_AGR.SYNCHRONISATION_CONNECTION(ID, ENTITY_ADDRESS, IS_CUSTOMER, LAST_MODIFICATION_TIME, LAST_SYNCHRONISATION_TIME) VALUES 
(-20, 'ean.201000000000000064', TRUE, TIMESTAMP '2015-05-21 08:00:43.0', NULL), 
(-19, 'ean.201000000000000063', TRUE, TIMESTAMP '2015-05-21 08:00:43.0', NULL), 
(-18, 'ean.201000000000000062', TRUE, TIMESTAMP '2015-05-21 08:00:43.0', NULL), 
(-17, 'ean.201000000000000061', TRUE, TIMESTAMP '2015-05-21 08:00:43.0', NULL), 
(-16, 'ean.201000000000000060', TRUE, TIMESTAMP '2015-05-21 08:00:43.0', NULL), 
(-15, 'ean.201030100000000034', TRUE, TIMESTAMP '2015-05-21 08:00:43.0', NULL), 
(-14, 'ean.201030100000000033', TRUE, TIMESTAMP '2015-05-21 08:00:43.0', NULL), 
(-13, 'ean.201030100000000032', TRUE, TIMESTAMP '2015-05-21 08:00:43.0', NULL), 
(-12, 'ean.201030100000000031', TRUE, TIMESTAMP '2015-05-21 08:00:43.0', NULL), 
(-11, 'ean.201030100000000030', TRUE, TIMESTAMP '2015-05-21 08:00:43.0', NULL), 
(-10, 'ean.201030100000000029', TRUE, TIMESTAMP '2015-05-21 08:00:43.0', NULL), 
(-9, 'ean.201030100000000028', TRUE, TIMESTAMP '2015-05-21 08:00:43.0', NULL), 
(-8, 'ean.201030100000000027', TRUE, TIMESTAMP '2015-05-21 08:00:43.0', NULL), 
(-7, 'ean.201030100000000026', TRUE, TIMESTAMP '2015-05-21 08:00:43.0', NULL), 
(-6, 'ean.201030100000000025', TRUE, TIMESTAMP '2015-05-21 08:00:43.0', NULL), 
(-5, 'ean.201020100000000009', TRUE, TIMESTAMP '2015-05-21 08:00:43.0', NULL), 
(-4, 'ean.201020100000000008', TRUE, TIMESTAMP '2015-05-21 08:00:43.0', NULL), 
(-3, 'ean.201020100000000007', TRUE, TIMESTAMP '2015-05-21 08:00:43.0', NULL), 
(-2, 'ean.201020100000000006', TRUE, TIMESTAMP '2015-05-21 08:00:43.0', NULL), 
(-1, 'ean.201010100000000001', TRUE, TIMESTAMP '2015-05-21 08:00:43.0', NULL);
INSERT INTO AGR2_USEF_EXAMPLE_COM_AGR.SYNCHRONISATION_CONNECTION_STATUS(ID, SYNCHRONISATION_CONNECTION_STATUS, COMMON_REFERENCE_OPERATOR_ID, SYNCHRONISATION_CONNECTION_ID) VALUES 
(-20, 'MODIFIED', -1, -20), 
(-19, 'MODIFIED', -1, -19), 
(-18, 'MODIFIED', -1, -18), 
(-17, 'MODIFIED', -1, -17), 
(-16, 'MODIFIED', -1, -16), 
(-15, 'MODIFIED', -1, -15), 
(-14, 'MODIFIED', -1, -14), 
(-13, 'MODIFIED', -1, -13), 
(-12, 'MODIFIED', -1, -12), 
(-11, 'MODIFIED', -1, -11), 
(-10, 'MODIFIED', -1, -10), 
(-9, 'MODIFIED', -1, -9), 
(-8, 'MODIFIED', -1, -8), 
(-7, 'MODIFIED', -1, -7), 
(-6, 'MODIFIED', -1, -6), 
(-5, 'MODIFIED', -1, -5), 
(-4, 'MODIFIED', -1, -4), 
(-3, 'MODIFIED', -1, -3), 
(-2, 'MODIFIED', -1, -2), 
(-1, 'MODIFIED', -1, -1);
INSERT INTO AGR3_USEF_EXAMPLE_COM_AGR.COMMON_REFERENCE_OPERATOR(ID, DOMAIN) VALUES 
(-1, 'cro1.usef-example.com');
INSERT INTO AGR3_USEF_EXAMPLE_COM_AGR.SYNCHRONISATION_CONNECTION(ID, ENTITY_ADDRESS, IS_CUSTOMER, LAST_MODIFICATION_TIME, LAST_SYNCHRONISATION_TIME) VALUES 
(-13, 'ean.302030100000000044', TRUE, TIMESTAMP '2015-05-21 08:00:43.0', NULL), 
(-12, 'ean.302030100000000043', TRUE, TIMESTAMP '2015-05-21 08:00:43.0', NULL), 
(-11, 'ean.302030100000000042', TRUE, TIMESTAMP '2015-05-21 08:00:43.0', NULL), 
(-10, 'ean.302030100000000041', TRUE, TIMESTAMP '2015-05-21 08:00:43.0', NULL), 
(-9, 'ean.302030100000000040', TRUE, TIMESTAMP '2015-05-21 08:00:43.0', NULL), 
(-8, 'ean.302030100000000039', TRUE, TIMESTAMP '2015-05-21 08:00:43.0', NULL), 
(-7, 'ean.302030100000000038', TRUE, TIMESTAMP '2015-05-21 08:00:43.0', NULL), 
(-6, 'ean.302030100000000037', TRUE, TIMESTAMP '2015-05-21 08:00:43.0', NULL), 
(-5, 'ean.302030100000000036', TRUE, TIMESTAMP '2015-05-21 08:00:43.0', NULL), 
(-4, 'ean.302030100000000035', TRUE, TIMESTAMP '2015-05-21 08:00:43.0', NULL), 
(-3, 'ean.302020100000000011', TRUE, TIMESTAMP '2015-05-21 08:00:43.0', NULL), 
(-2, 'ean.302020100000000010', TRUE, TIMESTAMP '2015-05-21 08:00:43.0', NULL), 
(-1, 'ean.302010100000000002', TRUE, TIMESTAMP '2015-05-21 08:00:43.0', NULL);
INSERT INTO AGR3_USEF_EXAMPLE_COM_AGR.SYNCHRONISATION_CONNECTION_STATUS(ID, SYNCHRONISATION_CONNECTION_STATUS, COMMON_REFERENCE_OPERATOR_ID, SYNCHRONISATION_CONNECTION_ID) VALUES 
(-13, 'MODIFIED', -1, -13), 
(-12, 'MODIFIED', -1, -12), 
(-11, 'MODIFIED', -1, -11), 
(-10, 'MODIFIED', -1, -10), 
(-9, 'MODIFIED', -1, -9), 
(-8, 'MODIFIED', -1, -8), 
(-7, 'MODIFIED', -1, -7), 
(-6, 'MODIFIED', -1, -6), 
(-5, 'MODIFIED', -1, -5), 
(-4, 'MODIFIED', -1, -4), 
(-3, 'MODIFIED', -1, -3), 
(-2, 'MODIFIED', -1, -2), 
(-1, 'MODIFIED', -1, -1);