--
-- Copyright 2015-2016 USEF Foundation
--
-- Licensed under the Apache License, Version 2.0 (the "License");
-- you may not use this file except in compliance with the License.
-- You may obtain a copy of the License at
--
-- http://www.apache.org/licenses/LICENSE-2.0
--
-- Unless required by applicable law or agreed to in writing, software
-- distributed under the License is distributed on an "AS IS" BASIS,
-- WITHOUT WARRANTIES OR CONDITIONS OF ANY KIND, either express or implied.
-- See the License for the specific language governing permissions and
-- limitations under the License.
--
INSERT INTO DSO1_USEF_EXAMPLE_COM_DSO.COMMON_REFERENCE_OPERATOR(ID, DOMAIN) VALUES 
(-1, 'cro1.usef-example.com');
INSERT INTO DSO1_USEF_EXAMPLE_COM_DSO.METER_DATA_COMPANY(DOMAIN) VALUES 
('mdc1.usef-example.com');
INSERT INTO DSO1_USEF_EXAMPLE_COM_DSO.SYNCHRONISATION_CONGESTION_POINT(ID, ENTITY_ADDRESS, LAST_MODIFICATION_TIME, LAST_SYNCHRONISATION_TIME) VALUES 
(-4, 'ea1.2015-02.com.usef-example:gridpoint.00000000-0000-0000-0004', TIMESTAMP '2015-05-21 08:00:43.0', NULL), 
(-3, 'ea1.2015-02.com.usef-example:gridpoint.00000000-0000-0000-0003', TIMESTAMP '2015-05-21 08:00:43.0', NULL), 
(-2, 'ea1.2015-02.com.usef-example:gridpoint.00000000-0000-0000-0002', TIMESTAMP '2015-05-21 08:00:43.0', NULL), 
(-1, 'ea1.2015-02.com.usef-example:gridpoint.00000000-0000-0000-0001', TIMESTAMP '2015-05-21 08:00:43.0', NULL);
INSERT INTO DSO1_USEF_EXAMPLE_COM_DSO.SYNCHRONISATION_CONGESTION_POINT_STATUS(ID, SYNCHRONISATION_CONGESTION_POINT_STATUS, COMMON_REFERENCE_OPERATOR_ID, SYNCHRONISATION_CONGESTION_POINT_ID) VALUES 
(-4, 'MODIFIED', -1, -4), 
(-3, 'MODIFIED', -1, -3), 
(-2, 'MODIFIED', -1, -2), 
(-1, 'MODIFIED', -1, -1);
INSERT INTO DSO1_USEF_EXAMPLE_COM_DSO.SYNCHRONISATION_CONNECTION(ID, ENTITY_ADDRESS, SYNCHRONISATION_CONGESTION_POINT_ID) VALUES 
(-56, 'ean.001040100000000066', -4), 
(-55, 'ean.001040100000000065', -4), 
(-54, 'ean.002030100000000054', -3), 
(-53, 'ean.002030100000000053', -3), 
(-52, 'ean.002030100000000052', -3), 
(-51, 'ean.002030100000000051', -3), 
(-50, 'ean.002030100000000050', -3), 
(-49, 'ean.001030100000000049', -3), 
(-48, 'ean.001030100000000048', -3), 
(-47, 'ean.001030100000000047', -3), 
(-46, 'ean.001030100000000046', -3), 
(-45, 'ean.001030100000000045', -3), 
(-44, 'ean.302030100000000044', -3), 
(-43, 'ean.302030100000000043', -3), 
(-42, 'ean.302030100000000042', -3), 
(-41, 'ean.302030100000000041', -3), 
(-40, 'ean.302030100000000040', -3), 
(-39, 'ean.302030100000000039', -3), 
(-38, 'ean.302030100000000038', -3), 
(-37, 'ean.302030100000000037', -3), 
(-36, 'ean.302030100000000036', -3), 
(-35, 'ean.302030100000000035', -3), 
(-34, 'ean.201030100000000034', -3), 
(-33, 'ean.201030100000000033', -3), 
(-32, 'ean.201030100000000032', -3), 
(-31, 'ean.201030100000000031', -3), 
(-30, 'ean.201030100000000030', -3), 
(-29, 'ean.201030100000000029', -3), 
(-28, 'ean.201030100000000028', -3), 
(-27, 'ean.201030100000000027', -3), 
(-26, 'ean.201030100000000026', -3), 
(-25, 'ean.201030100000000025', -3), 
(-24, 'ean.101030100000000024', -3), 
(-23, 'ean.101030100000000023', -3), 
(-22, 'ean.101030100000000022', -3), 
(-21, 'ean.101030100000000021', -3), 
(-20, 'ean.101030100000000020', -3), 
(-19, 'ean.101030100000000019', -3), 
(-18, 'ean.101030100000000018', -3), 
(-17, 'ean.101030100000000017', -3), 
(-16, 'ean.101030100000000016', -3), 
(-15, 'ean.101030100000000015', -3), 
(-14, 'ean.002020100000000014', -2), 
(-13, 'ean.001020100000000013', -2), 
(-12, 'ean.001020100000000012', -2), 
(-11, 'ean.302020100000000011', -2), 
(-10, 'ean.302020100000000010', -2), 
(-9, 'ean.201020100000000009', -2), 
(-8, 'ean.201020100000000008', -2), 
(-7, 'ean.201020100000000007', -2), 
(-6, 'ean.201020100000000006', -2), 
(-5, 'ean.101020100000000005', -2), 
(-4, 'ean.002010100000000004', -1), 
(-3, 'ean.001010100000000003', -1), 
(-2, 'ean.302010100000000002', -1), 
(-1, 'ean.201010100000000001', -1);