--
-- Copyright 2015-2016 USEF Foundation
--
-- Licensed under the Apache License, Version 2.0 (the "License");
-- you may not use this file except in compliance with the License.
-- You may obtain a copy of the License at
--
-- http://www.apache.org/licenses/LICENSE-2.0
--
-- Unless required by applicable law or agreed to in writing, software
-- distributed under the License is distributed on an "AS IS" BASIS,
-- WITHOUT WARRANTIES OR CONDITIONS OF ANY KIND, either express or implied.
-- See the License for the specific language governing permissions and
-- limitations under the License.
--
INSERT INTO CONNECTION_GROUP (CONNECTION_GROUP_TYPE, USEF_IDENTIFIER, DSO_DOMAIN) VALUES ('CONGESTION_POINT', 'ea1.1992-01.com.usef-example:gridpoint.11111111-1111-1111-1111', NULL);
INSERT INTO CONNECTION_GROUP (CONNECTION_GROUP_TYPE, USEF_IDENTIFIER, DSO_DOMAIN) VALUES ('CONGESTION_POINT', 'ea1.1992-01.com.usef-example:gridpoint.11111111-1111-1111-1112', NULL);

INSERT INTO CONNECTION (ENTITY_ADDRESS) VALUES ('ean.871685900012636543');
INSERT INTO CONNECTION (ENTITY_ADDRESS) VALUES ('ean.121685900012636999');
INSERT INTO CONNECTION (ENTITY_ADDRESS) VALUES ('ean.789685900012636123');
INSERT INTO CONNECTION (ENTITY_ADDRESS) VALUES ('ean.673685900012637348');
INSERT INTO CONNECTION (ENTITY_ADDRESS) VALUES ('ean.673685900012623654');
INSERT INTO CONNECTION (ENTITY_ADDRESS) VALUES ('ean.9999');

INSERT INTO CONNECTION_GROUP_STATE (ID, CONNECTION_GROUP_ID, CONNECTION_ID, VALID_FROM, VALID_UNTIL) VALUES( -1, 'ea1.1992-01.com.usef-example:gridpoint.11111111-1111-1111-1111' , 'ean.871685900012636543', '2015-01-20', '2050-01-20');
INSERT INTO CONNECTION_GROUP_STATE (ID, CONNECTION_GROUP_ID, CONNECTION_ID, VALID_FROM, VALID_UNTIL) VALUES( -2, 'ea1.1992-01.com.usef-example:gridpoint.11111111-1111-1111-1111' , 'ean.121685900012636999', '2015-01-20', '2050-01-20');
INSERT INTO CONNECTION_GROUP_STATE (ID, CONNECTION_GROUP_ID, CONNECTION_ID, VALID_FROM, VALID_UNTIL) VALUES( -3, 'ea1.1992-01.com.usef-example:gridpoint.11111111-1111-1111-1111' , 'ean.789685900012636123', '2015-01-20', '2050-01-20');
INSERT INTO CONNECTION_GROUP_STATE (ID, CONNECTION_GROUP_ID, CONNECTION_ID, VALID_FROM, VALID_UNTIL) VALUES( -4, 'ea1.1992-01.com.usef-example:gridpoint.11111111-1111-1111-1111' , 'ean.673685900012637348', '2015-01-20', '2050-01-20');
INSERT INTO CONNECTION_GROUP_STATE (ID, CONNECTION_GROUP_ID, CONNECTION_ID, VALID_FROM, VALID_UNTIL) VALUES( -5, 'ea1.1992-01.com.usef-example:gridpoint.11111111-1111-1111-1111' , 'ean.673685900012623654', '2015-01-20', '2050-01-20');


INSERT INTO CONNECTION_GROUP_STATE (ID, CONNECTION_GROUP_ID, CONNECTION_ID, VALID_FROM, VALID_UNTIL) VALUES( -6, 'ea1.1992-01.com.usef-example:gridpoint.11111111-1111-1111-1111' , 'ean.9999', '2000-01-20', '2001-01-20');

INSERT INTO UDI (ID, CONNECTION_ID, ENDPOINT,  DTU_SIZE, VALID_FROM, VALID_UNTIL) VALUES (1, 'ean.673685900012623654','ean.12168590001263699.UDI', 1, '2015-01-20', '2050-01-21');
INSERT INTO UDI (ID, CONNECTION_ID, ENDPOINT,  DTU_SIZE, VALID_FROM, VALID_UNTIL) VALUES (2, 'ean.673685900012623654','ean.12168590001263698.UDI', 1, '2015-01-20', '2050-01-21');
INSERT INTO UDI (ID, CONNECTION_ID, ENDPOINT,  DTU_SIZE, VALID_FROM, VALID_UNTIL) VALUES (3, 'ean.673685900012623654','ean.12168590001263697.UDI', 1, '2015-01-19', '2015-01-20');
INSERT INTO UDI (ID, CONNECTION_ID, ENDPOINT,  DTU_SIZE, VALID_FROM, VALID_UNTIL) VALUES (4, 'ean.673685900012623654','ean.12168590001263697.UDI', 1, '2015-12-01', '2015-12-01');

INSERT INTO SYNCHRONISATION_CONNECTION (ID, ENTITY_ADDRESS, IS_CUSTOMER, LAST_SYNCHRONISATION_TIME, LAST_MODIFICATION_TIME) VALUES (1, 'ean.871685900012636543', 'true', '2015-01-21 01:02:03', '2015-01-20 01:02:03');
INSERT INTO SYNCHRONISATION_CONNECTION (ID, ENTITY_ADDRESS, IS_CUSTOMER, LAST_SYNCHRONISATION_TIME, LAST_MODIFICATION_TIME) VALUES (2, 'ean.121685900012636999', 'true', '2015-01-21 01:02:03', '2015-01-20 01:02:03');

INSERT INTO COMMON_REFERENCE_OPERATOR (ID,DOMAIN) VALUES(1,'usef-example.com');
INSERT INTO COMMON_REFERENCE_OPERATOR (ID,DOMAIN) VALUES(2,'usef-demo.com');
INSERT INTO COMMON_REFERENCE_OPERATOR (ID,DOMAIN) VALUES(3,'status-demo.com');

INSERT INTO SYNCHRONISATION_CONNECTION_STATUS (ID, SYNCHRONISATION_CONNECTION_ID, COMMON_REFERENCE_OPERATOR_ID, SYNCHRONISATION_CONNECTION_STATUS) VALUES (1, 1, 1, 'MODIFIED');
INSERT INTO SYNCHRONISATION_CONNECTION_STATUS (ID, SYNCHRONISATION_CONNECTION_ID, COMMON_REFERENCE_OPERATOR_ID, SYNCHRONISATION_CONNECTION_STATUS) VALUES (2, 1, 2, 'MODIFIED');
INSERT INTO SYNCHRONISATION_CONNECTION_STATUS (ID, SYNCHRONISATION_CONNECTION_ID, COMMON_REFERENCE_OPERATOR_ID, SYNCHRONISATION_CONNECTION_STATUS) VALUES (3, 2, 1, 'SYNCHRONIZED');
INSERT INTO SYNCHRONISATION_CONNECTION_STATUS (ID, SYNCHRONISATION_CONNECTION_ID, COMMON_REFERENCE_OPERATOR_ID, SYNCHRONISATION_CONNECTION_STATUS) VALUES (4, 2, 2, 'SYNCHRONIZED');
INSERT INTO SYNCHRONISATION_CONNECTION_STATUS (ID, SYNCHRONISATION_CONNECTION_ID, COMMON_REFERENCE_OPERATOR_ID, SYNCHRONISATION_CONNECTION_STATUS) VALUES (5, 1, 3, 'MODIFIED');
INSERT INTO SYNCHRONISATION_CONNECTION_STATUS (ID, SYNCHRONISATION_CONNECTION_ID, COMMON_REFERENCE_OPERATOR_ID, SYNCHRONISATION_CONNECTION_STATUS) VALUES (6, 2, 3, 'MODIFIED');

INSERT INTO PTU_CONTAINER (ID, PHASE, PTU_DATE, PTU_INDEX) VALUES (1,'Plan', '2014-11-20', 1);
INSERT INTO PTU_CONTAINER (ID, PHASE, PTU_DATE, PTU_INDEX) VALUES (4, 'Settlement', '2014-11-19', 1);


INSERT INTO MESSAGE(ID, CONTENT_HASH, CONVERSATION_ID, CREATION_TIME, DIRECTION, MESSAGE_ID, MESSAGE_TYPE, RECEIVER,SENDER,XML) VALUES(-1,'abcd',null,CURRENT_TIMESTAMP,'INBOUND','00000000-0000-0000-0000-000000000001','ROUTINE', null,null,'<xml></xml>');
INSERT INTO MESSAGE(ID,CONTENT_HASH,CONVERSATION_ID,CREATION_TIME,DIRECTION,MESSAGE_ID,MESSAGE_TYPE,RECEIVER,SENDER,XML) VALUES(-2,'abcd',null,CURRENT_TIMESTAMP,'INBOUND','00000000-0000-0000-0000-000000000002','ROUTINE',null,null,'<xml></xml>');
INSERT INTO MESSAGE(ID,CONTENT_HASH,CONVERSATION_ID,CREATION_TIME,DIRECTION,MESSAGE_ID,MESSAGE_TYPE,RECEIVER,SENDER,XML) VALUES(-3,'abcd',null,CURRENT_TIMESTAMP,'INBOUND','00000000-0000-0000-0000-000000000003','ROUTINE',null,null,'<xml></xml>');
INSERT INTO MESSAGE(ID,CONTENT_HASH,CONVERSATION_ID,CREATION_TIME,DIRECTION,MESSAGE_ID,MESSAGE_TYPE,RECEIVER,SENDER,XML) VALUES(-4,'abcd',null,CURRENT_TIMESTAMP,'INBOUND','00000000-0000-0000-0000-000000000004','ROUTINE',null,null,'<xml></xml>');
INSERT INTO MESSAGE(ID, CONTENT_HASH, CONVERSATION_ID, CREATION_TIME, DIRECTION, MESSAGE_ID, MESSAGE_TYPE, RECEIVER, SENDER, XML) VALUES (-5, 'e6f6aed31ad5d067c758f04328ed9090', null , CURRENT_TIMESTAMP,'INBOUND','12345678-1234-1234-1234-1234567890ab','ROUTINE','usef-example.com','usef-example.com','<CommonReferenceQueryResponse />');

INSERT INTO DOCUMENT (ID,SEQUENCE_NUMBER, PTU_CONTAINER_ID, CONNECTION_GROUP_ID) VALUES (1,1435345, 1, 'ea1.1992-01.com.usef-example:gridpoint.11111111-1111-1111-1111');
INSERT INTO DOCUMENT (ID,SEQUENCE_NUMBER, PTU_CONTAINER_ID, CONNECTION_GROUP_ID) VALUES (2,22432342, 4, 'ea1.1992-01.com.usef-example:gridpoint.11111111-1111-1111-1111');

INSERT INTO DEVICE_MESSAGE(ID, STATUS, ENDPOINT, UDI_ID) VALUES (1, 'NEW', 'openadr://udi.1.2.3.4', 1);
INSERT INTO DEVICE_MESSAGE(ID, STATUS, ENDPOINT, UDI_ID) VALUES (3, 'NEW', 'openadr://udi.1.2.3.5', 1);
INSERT INTO DEVICE_MESSAGE(ID, STATUS, ENDPOINT, UDI_ID) VALUES (2, 'SENT', 'openadr://udi.1.2.3.4', 1);
INSERT INTO DEVICE_MESSAGE(ID, STATUS, ENDPOINT, UDI_ID) VALUES (4, 'NEW', 'openadr://udi.1.2.3.5', 1);

INSERT INTO POWER_CONTAINER(TYPE, ID, PERIOD, TIME_INDEX) VALUES('CONNECTION_GROUP', 1,'2015-01-20',1 );
INSERT INTO POWER_CONTAINER_CONNECTION_GROUP(ID, CONNECTION_GROUP_ID) VALUES( 1, 'ea1.1992-01.com.usef-example:gridpoint.11111111-1111-1111-1111' );
INSERT INTO POWER_CONTAINER(TYPE, ID, PERIOD, TIME_INDEX) VALUES('CONNECTION' , 2,'2015-01-20',1 );
INSERT INTO POWER_CONTAINER_CONNECTION(ID,  CONNECTION_ENTITY_ADDRESS) VALUES( 2, 'ean.871685900012636543' );
INSERT INTO POWER_CONTAINER(TYPE, ID, PERIOD, TIME_INDEX) VALUES('UDI', 3,'2015-01-20',1);
INSERT INTO POWER_CONTAINER_UDI(ID, UDI_ID) VALUES(3, 1);
INSERT INTO POWER_CONTAINER(TYPE, ID, PERIOD, TIME_INDEX) VALUES('UDI', 4,'2015-01-21',1);
INSERT INTO POWER_CONTAINER_UDI(ID, UDI_ID) VALUES(4, 1);

INSERT INTO ELEMENT(ID, CONNECTION_ENTITY_ADDRESS, ELEMENT_TYPE, PROFILE, DTU_DURATION) VALUES('UUID_1', 'ean.100000000123', 'MANAGED_DEVICE', 'openadr://agr-magic-device', 5)
INSERT INTO ELEMENT(ID, CONNECTION_ENTITY_ADDRESS, ELEMENT_TYPE, PROFILE, DTU_DURATION) VALUES('UUID_2', 'ean.9999', 'MANAGED_DEVICE', 'openadr://agr-magic-device', 5)
INSERT INTO ELEMENT_DTU_DATA(ID, ELEMENT_ID, DTU_INDEX, PROFILE_POTENTIAL_FLEX_CONSUMPTION,PROFILE_POTENTIAL_FLEX_PRODUCTION,PROFILE_AVERAGE_CONSUMPTION, PROFILE_AVERAGE_PRODUCTION, PROFILE_UNCONTROLLED_LOAD ) VALUES (1, 'UUID_1',1,NULL, 5, NULL, 100, NULL )
INSERT INTO ELEMENT_DTU_DATA(ID, ELEMENT_ID, DTU_INDEX, PROFILE_POTENTIAL_FLEX_CONSUMPTION,PROFILE_POTENTIAL_FLEX_PRODUCTION,PROFILE_AVERAGE_CONSUMPTION, PROFILE_AVERAGE_PRODUCTION, PROFILE_UNCONTROLLED_LOAD ) VALUES (2, 'UUID_1',2,5, NULL, 100, NULL, NULL )

INSERT INTO SHIFT_REQUEST(ID, PERIOD, DEVICE_MESSAGE_ID, EVENT_ID, START_DTU) VALUES ('b52f1a3d-c3b9-4212-b940-0325773cffe3', '2015-06-11', 1, 'dc533490-68e8-11e5-a837-0800200c9a66', 49);
INSERT INTO SHIFT_REQUEST(ID, PERIOD, DEVICE_MESSAGE_ID, EVENT_ID, START_DTU) VALUES ('e28f9b6d-3bf6-4423-a645-29accb24c833', '2015-06-11', 1, 'fb09385d-745f-449e-8cc0-fa5b4ee33488', 1);

INSERT INTO INTERRUPT_REQUEST(ID, PERIOD, DEVICE_MESSAGE_ID, EVENT_ID, DTU_INDEXES) VALUES ('68fbd930-ee08-41dd-8541-817884da301b', '2015-06-11', 1, '0991dd28-f4e8-48de-9ee5-614b306d805a', 15);
INSERT INTO INTERRUPT_REQUEST(ID, PERIOD, DEVICE_MESSAGE_ID, EVENT_ID, DTU_INDEXES) VALUES ('0e2d2772-1743-4a3d-921c-bd32b9d9cf5e', '2015-06-11', 1, '267e43ba-5c2d-4629-ac6a-560523d65ef9', 240);

INSERT INTO REPORT_REQUEST(ID, PERIOD, DEVICE_MESSAGE_ID, DTU_INDEXES) VALUES ('0f0cd5f8-9c49-442d-9cba-3ac4bffb1ace','2015-06-11',1, 4026531840);
INSERT INTO REPORT_REQUEST(ID, PERIOD, DEVICE_MESSAGE_ID, DTU_INDEXES) VALUES ('ea91d593-d051-4e99-919c-820636ca1d9e','2015-06-11',1, 15);

INSERT INTO INCREASE_REQUEST(ID, PERIOD, DEVICE_MESSAGE_ID, EVENT_ID, START_DTU, END_DTU, POWER) VALUES('14834256-1a15-444e-a95e-9d4bffd1f946','2015-06-11',1,'8664cebc-e8a9-4fd2-ac29-cbe81a879469',1,48,1000);
INSERT INTO INCREASE_REQUEST(ID, PERIOD, DEVICE_MESSAGE_ID, EVENT_ID, START_DTU, END_DTU, POWER) VALUES('00a4968c-dc2c-44b2-afb9-b13eb6cb8888','2015-06-11',1,'0bdc5713-49d6-4c63-83f4-2afc974783bc',49,96,-1000);
INSERT INTO REDUCE_REQUEST(ID, PERIOD, DEVICE_MESSAGE_ID, EVENT_ID, START_DTU, END_DTU, POWER) VALUES('60bc2701-51b5-42a8-b7b5-774c2cbf312a','2015-06-11',1,'7ab4a8e4-ebff-4e29-8181-66da8e7d1187',1,48,1000);
INSERT INTO REDUCE_REQUEST(ID, PERIOD, DEVICE_MESSAGE_ID, EVENT_ID, START_DTU, END_DTU, POWER) VALUES('fff81edc-afb2-4acc-bc7e-b35237674b15','2015-06-11',1,'b22d7a5b-a4f7-4962-b0f6-d6ea8258af31',49,96,-1000);

INSERT INTO UDI_EVENT(ID, PERIOD, UDI_ID, DEVICE_SELECTOR, UDI_EVENT_TYPE, START_DTU, END_DTU, FINISH_BEFORE_DTU, START_AFTER_DTU) VALUES ('2033689c-b040-437e-a052-11e0c14fdbac', '2015-10-05', 1, NULL, 'CONSUMPTION', 1, 4, NULL, NULL);
INSERT INTO UDI_EVENT(ID, PERIOD, UDI_ID, DEVICE_SELECTOR, UDI_EVENT_TYPE, START_DTU, END_DTU, FINISH_BEFORE_DTU, START_AFTER_DTU) VALUES ('148c6c12-4f09-4d38-9d9d-463d6c23b36a', '2015-10-05', 1, 'dev://1.0.0.10', 'PRODUCTION', 1, 96, 48, 24);
INSERT INTO UDI_EVENT(ID, PERIOD, UDI_ID, DEVICE_SELECTOR, UDI_EVENT_TYPE, START_DTU, END_DTU, FINISH_BEFORE_DTU, START_AFTER_DTU) VALUES ('148c6c12-0666-4d38-9d9d-463d6c23b36a', '2015-12-01', 1, 'dev://1.0.0.10', 'PRODUCTION', 1, 96, 48, 24);

INSERT INTO SHIFT_CAPABILITY(ID, UDI_EVENT_ID) VALUES('073aed50-623b-4bb7-9235-6f2afa02ef6d', '2033689c-b040-437e-a052-11e0c14fdbac');
INSERT INTO REPORT_CAPABILITY(ID, UDI_EVENT_ID) VALUES('d1fe98ce-10ee-4037-a325-fc7b06c5049e', '2033689c-b040-437e-a052-11e0c14fdbac');
INSERT INTO INTERRUPT_CAPABILITY(ID, UDI_EVENT_ID, MAX_DTUS, TYPE) VALUES('bccc1e59-3b08-4c1a-ba42-631d73e24a12', '2033689c-b040-437e-a052-11e0c14fdbac', 8, 'FULL');
INSERT INTO REDUCE_CAPABILITY(ID, UDI_EVENT_ID, MAX_DTUS, POWER_STEP, MIN_POWER, DURATION_MULTIPLIER) VALUES('6a82ae6f-bb83-44b8-a239-c6fc0d79e268', '148c6c12-4f09-4d38-9d9d-463d6c23b36a', 8, 200, 500, 1);
INSERT INTO INCREASE_CAPABILITY(ID, UDI_EVENT_ID, MAX_DTUS, POWER_STEP, MAX_POWER, DURATION_MULTIPLIER) VALUES('4b920da5-5f8d-46c3-9a8b-689441f1d36f', '148c6c12-4f09-4d38-9d9d-463d6c23b36a', 8, 200, 3000, 1);
