--
-- Copyright 2015-2016 USEF Foundation
--
-- Licensed under the Apache License, Version 2.0 (the "License");
-- you may not use this file except in compliance with the License.
-- You may obtain a copy of the License at
--
-- http://www.apache.org/licenses/LICENSE-2.0
--
-- Unless required by applicable law or agreed to in writing, software
-- distributed under the License is distributed on an "AS IS" BASIS,
-- WITHOUT WARRANTIES OR CONDITIONS OF ANY KIND, either express or implied.
-- See the License for the specific language governing permissions and
-- limitations under the License.
--

INSERT INTO DISTRIBUTION_SYSTEM_OPERATOR ( ID, DOMAIN) VALUES (1, 'usef-example.com');
INSERT INTO DISTRIBUTION_SYSTEM_OPERATOR ( ID, DOMAIN) VALUES (2, 'usef-dummy.com');

INSERT INTO AGGREGATOR (ID, DOMAIN) VALUES (1, 'tesla.com');
INSERT INTO AGGREGATOR (ID, DOMAIN) VALUES (2, 'mijn-groene-energie.com');
INSERT INTO AGGREGATOR (ID, DOMAIN) VALUES (3, 'ik-ben-een-aggregator.com');

INSERT INTO BALANCE_RESPONSIBLE_PARTY (ID, DOMAIN) VALUES (1, 'brp.test.com');
INSERT INTO BALANCE_RESPONSIBLE_PARTY (ID, DOMAIN) VALUES (2, 'brp.abcd.com');

INSERT INTO METER_DATA_COMPANY (ID, DOMAIN) VALUES (1, 'mdc.test.com');

INSERT INTO CONGESTION_POINT (ID, ENTITY_ADDRESS, DISTRIBUTION_SYSTEM_OPERATOR_ID) VALUES (1, 'ea1.1992-01.com.example:gridpoint.4f76ff19-a53b-49f5-84e6', 1);
INSERT INTO CONGESTION_POINT (ID, ENTITY_ADDRESS, DISTRIBUTION_SYSTEM_OPERATOR_ID) VALUES (2, 'ea1.1992-02.com.otherexample:gridpoint.4f76ff19-a53b-49f5-99e9', 2);
INSERT INTO CONGESTION_POINT (ID, ENTITY_ADDRESS, DISTRIBUTION_SYSTEM_OPERATOR_ID) VALUES (3, 'ea1.1992-03.com.otherexample:gridpoint.4f76ff19-a53b-49f5-99e9', 1);

INSERT INTO CONNECTION (ID, ENTITY_ADDRESS, CONGESTION_POINT_ID, AGGREGATOR_ID, BALANCE_RESPONSIBLE_PARTY_ID) VALUES (1, 'ean.871685900012636543', 1, 1, 1);
INSERT INTO CONNECTION (ID, ENTITY_ADDRESS, CONGESTION_POINT_ID, AGGREGATOR_ID) VALUES (2, 'ean.121685900012636999', 1, 1);
INSERT INTO CONNECTION (ID, ENTITY_ADDRESS, CONGESTION_POINT_ID, AGGREGATOR_ID) VALUES (3, 'ean.789685900012636123', 1, 2);
INSERT INTO CONNECTION (ID, ENTITY_ADDRESS, CONGESTION_POINT_ID, AGGREGATOR_ID) VALUES (4, 'ean.673685900012637348', NULL, 2);
INSERT INTO CONNECTION (ID, ENTITY_ADDRESS, CONGESTION_POINT_ID, AGGREGATOR_ID) VALUES (5, 'ean.673685923012637348', 3, 3);
INSERT INTO CONNECTION (ID, ENTITY_ADDRESS, AGGREGATOR_ID) VALUES (6, 'ean.789685900012636129', 3);
INSERT INTO CONNECTION (ID, ENTITY_ADDRESS, AGGREGATOR_ID) VALUES (7, 'ean.673685900012637341', 3);
INSERT INTO CONNECTION (ID, ENTITY_ADDRESS, CONGESTION_POINT_ID) VALUES (8, 'ean.789685901012636129', 1);
INSERT INTO CONNECTION (ID, ENTITY_ADDRESS, CONGESTION_POINT_ID) VALUES (9, 'ean.673685902012637341', 1);
INSERT INTO CONNECTION (ID, ENTITY_ADDRESS, CONGESTION_POINT_ID, AGGREGATOR_ID) VALUES (10, 'ean.771685900112636461', 2, 1);

